method_id,method_label,role,average_power_budget,paired_seed,expected_goodput_bps_hz,predicted_bler,p05_goodput_bps_hz,delayed_current_gain_correlation,max_power_constraint_error,max_negative_power_violation,recipe_id,run_id,recipe_sha256,semantic_recipe_sha256
equal_power,Equal power,baseline,0.4,95101,0.2019987296,0.8990006352,0,0.6959907377,7.629394503e-07,0,equal_power_p0p4_seed95101,20260726T192947Z_ofdm_reliability_allocation_delayed_csi__equal_power_p0p4_seed95101,4a0a5bc7b287ccd8bf29b3295a18b901e696b9a9c66545cf76d4b48b2117c557,de5a8a60f611dca7172ba482f73e7ba2c97995afbd3378e62d1035e3791063fb
observed_csi_water_filling,Water filling on delayed/noisy CSI,baseline,0.4,95101,0.2049555019,0.897522249,0,0.6959907377,6.00516799e-07,0,observed_csi_water_filling_p0p4_seed95101,20260726T193003Z_ofdm_reliability_allocation_delayed_csi__observed_csi_water_filling_p0p4_seed95101,f86c142977d722b4d80e80b1e36fccca703105a41feea50edae05c1d4054cdf0,4ed55f4c35977a3c03ca35f741c26f325823cde91ed42d44bdf1b1d0fadf812d
robust_csi_water_filling,Uncertainty-shrunk water filling,baseline,0.4,95101,0.2155861162,0.8922069419,0,0.6959907377,5.534850089e-07,0,robust_csi_water_filling_p0p4_seed95101,20260726T193020Z_ofdm_reliability_allocation_delayed_csi__robust_csi_water_filling_p0p4_seed95101,da5ba37a6a86cde430d34c2ad484159a4c68b2c4fe2490a00d2efbc74e6d8ca5,4d821a1cdfcd34df9b89917fd02d72dea7070ec13d73b05023a972d0ac683dc0
learned_allocator,Learned reliability-aware allocator,candidate,0.4,95101,0.2515429087,0.8742285456,0,0.6959907377,1.510791478e-06,0,learned_allocator_p0p4_seed95101,20260726T193038Z_ofdm_reliability_allocation_delayed_csi__learned_allocator_p0p4_seed95101,e224eb28992fb4beb725d3037af7b2b91a958d671d2f5e86aced4fead21a8773,7c191f661b22742445a6e2c04874d74ee321ba3be1b0eda3266616a7578bd785
equal_power,Equal power,baseline,0.4,95201,0.2027782794,0.8986108603,0,0.6969153569,7.629394503e-07,0,equal_power_p0p4_seed95201,20260726T193055Z_ofdm_reliability_allocation_delayed_csi__equal_power_p0p4_seed95201,453139ceac840986f21f5e0ca839bb82363024914801c12855e3d0ca5b36a9b5,5c7ecb3bfcf2552d588ff5ec6b948038de68ef7f3d90c0be271e209c3ba958eb
observed_csi_water_filling,Water filling on delayed/noisy CSI,baseline,0.4,95201,0.2061973944,0.8969013028,0,0.6969153569,6.253365399e-07,0,observed_csi_water_filling_p0p4_seed95201,20260726T193109Z_ofdm_reliability_allocation_delayed_csi__observed_csi_water_filling_p0p4_seed95201,cd34f5238dc5c6c59d429cdf57de6cbe1b9502b364cd7c6498e8108e854934e3,ee61881a5b28934386dc528dfc898c3efe52da67ef7e1ad7dfc54759954b47dc
robust_csi_water_filling,Uncertainty-shrunk water filling,baseline,0.4,95201,0.2147619632,0.8926190184,0,0.6969153569,6.754882662e-07,0,robust_csi_water_filling_p0p4_seed95201,20260726T193126Z_ofdm_reliability_allocation_delayed_csi__robust_csi_water_filling_p0p4_seed95201,5652a1fce6088cd391901a19e92aec8b99e6ce4fd5397e9527131031a90c22fa,c86c721dde7e2e6ab78b680f125f2cea686b54bb636abcba05410b4321d83596
learned_allocator,Learned reliability-aware allocator,candidate,0.4,95201,0.2500984889,0.8749507555,0,0.6969153569,1.503690143e-06,0,learned_allocator_p0p4_seed95201,20260726T193145Z_ofdm_reliability_allocation_delayed_csi__learned_allocator_p0p4_seed95201,2258b4fe98d8ad81491a17b8bd29761ae75afd5c051f21bd81ad7faa85356876,5e0e27deddd15538cc0816c68b5d720c6a9d5c7a05c97755bd98c93236b5197f
equal_power,Equal power,baseline,0.4,95301,0.2138580988,0.8930709506,0,0.7000095218,7.629394503e-07,0,equal_power_p0p4_seed95301,20260726T193202Z_ofdm_reliability_allocation_delayed_csi__equal_power_p0p4_seed95301,21af95bde3e17a98ab5eedf16c30c2dec7b4d02945a80890de9bb82613f8547e,4dd5112fd49ef4c9e71d876b163b01050929bb8aa02f7be6278ecf51c48b70ff
observed_csi_water_filling,Water filling on delayed/noisy CSI,baseline,0.4,95301,0.2141679947,0.8929160026,0,0.7000095218,5.520880251e-07,0,observed_csi_water_filling_p0p4_seed95301,20260726T193216Z_ofdm_reliability_allocation_delayed_csi__observed_csi_water_filling_p0p4_seed95301,5078c584fdcd4b919a023a6e13f643c8105efe2cff72520b0baf7736f9b0b8dd,e7b69b20ec2b36331e18122591924548dcc5fd91a6f60573dfca20b17b09cb53
robust_csi_water_filling,Uncertainty-shrunk water filling,baseline,0.4,95301,0.2261767983,0.8869116009,0,0.7000095218,5.53391871e-07,0,robust_csi_water_filling_p0p4_seed95301,20260726T193233Z_ofdm_reliability_allocation_delayed_csi__robust_csi_water_filling_p0p4_seed95301,1bcd17ee1b41f1d23f1009389eee4ceacb4bcce87b917cf1139303b1089080ac,da951db668e9bcd424834da909268019a636d3ac965b6cf8fefd5d9fc867cb83
learned_allocator,Learned reliability-aware allocator,candidate,0.4,95301,0.2634535462,0.8682732269,0,0.7000095218,1.474935559e-06,0,learned_allocator_p0p4_seed95301,20260726T193253Z_ofdm_reliability_allocation_delayed_csi__learned_allocator_p0p4_seed95301,ed5b274385282e9821e4ef6bfedac489b53b2ef8bf958aee3baf0db3231834b3,9e0dc97ed725b677d3200810e82df6959444bef87c0a8aa5b470a94b8fe3a81d
equal_power,Equal power,baseline,0.6,95101,0.5764660998,0.7117669501,0,0.6959907377,3.051757815e-06,0,equal_power_p0p6_seed95101,20260726T193311Z_ofdm_reliability_allocation_delayed_csi__equal_power_p0p6_seed95101,61cc29c3d11a73dd65393a2396c115dc07b818d12c17ed66e069e5fdb73fea70,628b9b3ea0096cd8e1c17f62fe66193361941399ee93a02c2d6ee92cb4cf36f1
observed_csi_water_filling,Water filling on delayed/noisy CSI,baseline,0.6,95101,0.5673749852,0.7163125074,0,0.6959907377,8.985400228e-07,0,observed_csi_water_filling_p0p6_seed95101,20260726T193328Z_ofdm_reliability_allocation_delayed_csi__observed_csi_water_filling_p0p6_seed95101,ddf2860921a5154d2c47bc1c554acd4210d00eb8f3c6912bca8509fed72fb896,7fc60553b5f777ac9a39682578fd609f5a8c5a3abec4dda9810d43f062790374
robust_csi_water_filling,Uncertainty-shrunk water filling,baseline,0.6,95101,0.5961078863,0.7019460569,0,0.6959907377,6.742309751e-07,0,robust_csi_water_filling_p0p6_seed95101,20260726T193347Z_ofdm_reliability_allocation_delayed_csi__robust_csi_water_filling_p0p6_seed95101,fc989487a18fb952f981c7f2699873a59457fdc143bb77daa6369d836421e4cc,ef98425a40bbe1c4e9a4296200080eedc5fbd772282fd4571a5a94b73fe58cd9
learned_allocator,Learned reliability-aware allocator,candidate,0.6,95101,0.6671014574,0.6664492713,0,0.6959907377,3.819167617e-06,0,learned_allocator_p0p6_seed95101,20260726T193406Z_ofdm_reliability_allocation_delayed_csi__learned_allocator_p0p6_seed95101,2d6f17e56a8dec018acaef6636a4509659aa16d24b6c1cfaaf2b266d81a4a07a,502f6f7086fb9d32a8174144a9ddc1b231e131f4a88bd47e5b58a6619d7b03ad
equal_power,Equal power,baseline,0.6,95201,0.5492681454,0.7253659273,0,0.6969153569,3.051757815e-06,0,equal_power_p0p6_seed95201,20260726T193424Z_ofdm_reliability_allocation_delayed_csi__equal_power_p0p6_seed95201,3fa4b301ab31bb6f317e891ed95e5b82ea0079244c5c4d4238ff7317f5006807,75064646b462d775ecff1bb51fe3270ef692626581a7d44dac6756f3934e852c
observed_csi_water_filling,Water filling on delayed/noisy CSI,baseline,0.6,95201,0.5395726643,0.7302136678,0,0.6969153569,8.746981592e-07,0,observed_csi_water_filling_p0p6_seed95201,20260726T193440Z_ofdm_reliability_allocation_delayed_csi__observed_csi_water_filling_p0p6_seed95201,1bb368f6eed00444acfacbef2a708108dbba3d5bdc6dddcd4f68fc7ceedf90d9,ca6de51045da19fe466613259c53f0609d7f064544d0162671910e4930898024
robust_csi_water_filling,Uncertainty-shrunk water filling,baseline,0.6,95201,0.5670459685,0.7164770157,0,0.6969153569,7.629394503e-07,0,robust_csi_water_filling_p0p6_seed95201,20260726T193459Z_ofdm_reliability_allocation_delayed_csi__robust_csi_water_filling_p0p6_seed95201,0b805cda9bb8bb677a43ce84ecfb406dba71ab6cf05f59710820e15972b90322,33091a1a7cb95cbb7467a203dbdf9c608445f3d143675ebd090f05282d5e711a
learned_allocator,Learned reliability-aware allocator,candidate,0.6,95201,0.6335361406,0.6832319297,0,0.6969153569,3.982149067e-06,0,learned_allocator_p0p6_seed95201,20260726T193518Z_ofdm_reliability_allocation_delayed_csi__learned_allocator_p0p6_seed95201,a93209144a4e362ea26d5124e1a6d67cf65763ecafe305c6e8c5309736c82fe1,d03ba6d396b2eb5c95d305e7c1d020c6c1eb34be9302a9b9581930eca55df2de
equal_power,Equal power,baseline,0.6,95301,0.5788091349,0.7105954326,0,0.7000095218,3.051757815e-06,0,equal_power_p0p6_seed95301,20260726T193536Z_ofdm_reliability_allocation_delayed_csi__equal_power_p0p6_seed95301,de8f1949c1349627048d0b2e10d13a9f7b33320f8524562694bb4166c651af22,df49f99bcfb3904b5194caee698ca56013f5ffe60711fec8e02d04e5ef065e1f
observed_csi_water_filling,Water filling on delayed/noisy CSI,baseline,0.6,95301,0.5612675906,0.7193662047,0,0.7000095218,9.50694087e-07,0,observed_csi_water_filling_p0p6_seed95301,20260726T193551Z_ofdm_reliability_allocation_delayed_csi__observed_csi_water_filling_p0p6_seed95301,ac9cfcc3237356105351e8afbec2f2482fd91ae3538f341cfb83dbcf62d38659,2272bfb14aa51a736cd82021e0555d0efbedea1cc6bcf2f2d1d208225c98dd6a
robust_csi_water_filling,Uncertainty-shrunk water filling,baseline,0.6,95301,0.5952043029,0.7023978486,0,0.7000095218,6.992369919e-07,0,robust_csi_water_filling_p0p6_seed95301,20260726T193611Z_ofdm_reliability_allocation_delayed_csi__robust_csi_water_filling_p0p6_seed95301,3ca33b45084682dd8809eb469f3cd4f6b4c3bbc19ab9abbf1b42880338c244a5,9f27f0f9ead39c8dc3cd5e3710e191e9e77efdaccb54a45563f037a487f969ad
learned_allocator,Learned reliability-aware allocator,candidate,0.6,95301,0.6640661935,0.6679669033,0,0.7000095218,3.929063681e-06,0,learned_allocator_p0p6_seed95301,20260726T193631Z_ofdm_reliability_allocation_delayed_csi__learned_allocator_p0p6_seed95301,06310e8b0cca777dc48ef1194b76c9034cbac32501fafe9a38b9d7ba44a56ae6,08c9cbcfbc39f2c305461205ecfc3d32f12cd29079690ed8ff43dc154c665a3e
equal_power,Equal power,baseline,0.8,95101,0.9278219306,0.5360890347,0,0.6959907377,1.525878901e-06,0,equal_power_p0p8_seed95101,20260726T193649Z_ofdm_reliability_allocation_delayed_csi__equal_power_p0p8_seed95101,56d708614d89e3b63bee3494f03fe19a08bb7c303970d6eb68a69340e00b1f0c,1ff5a5c186ec3829ec2ae50254c323cadc5d312a2e760cda660f76605283f035
observed_csi_water_filling,Water filling on delayed/noisy CSI,baseline,0.8,95101,0.8947863493,0.5526068253,0,0.6959907377,1.499056822e-06,0,observed_csi_water_filling_p0p8_seed95101,20260726T193705Z_ofdm_reliability_allocation_delayed_csi__observed_csi_water_filling_p0p8_seed95101,a625558ed3aecc4bb8433709ff2e142f7a7124e95c8072a7604d3640b27ad961,470086e432eb920e62861897ae75e31c345e53d835c92f5d52448584ce69c256
robust_csi_water_filling,Uncertainty-shrunk water filling,baseline,0.8,95101,0.9450049,0.52749755,0,0.6959907377,9.745359364e-07,0,robust_csi_water_filling_p0p8_seed95101,20260726T193724Z_ofdm_reliability_allocation_delayed_csi__robust_csi_water_filling_p0p8_seed95101,3b439ad19663c23a5bdbd19278866ba95f4d1ad2217892b9e07c14b013b25fe7,c0f1a7a959b6762af273fa95f5f2d77922e55a1d7d64b3032265802389577040
learned_allocator,Learned reliability-aware allocator,candidate,0.8,95101,1.025887669,0.4870561654,0,0.6959907377,3.187358374e-06,0,learned_allocator_p0p8_seed95101,20260726T193744Z_ofdm_reliability_allocation_delayed_csi__learned_allocator_p0p8_seed95101,6d4e5c0b3268341491b9b22feb5b8a4c773296d726d7dca31f7d082265f19db7,b33f97c2ea14a2548ee4736e8d8674d60ff4b0efec53abebd60e4937e4941c22
equal_power,Equal power,baseline,0.8,95201,0.8833431481,0.558328426,0,0.6969153569,1.525878901e-06,0,equal_power_p0p8_seed95201,20260726T193802Z_ofdm_reliability_allocation_delayed_csi__equal_power_p0p8_seed95201,12c0e57b01ea464a7c265d3c357a3d860d44f1a018bfdc633e12bacfa0554791,ab89f3f7405d8660cbc8567f724f92a2f818ab7ce3c49a0ec61959810b16c455
observed_csi_water_filling,Water filling on delayed/noisy CSI,baseline,0.8,95201,0.8550258395,0.5724870802,0,0.6969153569,1.174956566e-06,0,observed_csi_water_filling_p0p8_seed95201,20260726T193818Z_ofdm_reliability_allocation_delayed_csi__observed_csi_water_filling_p0p8_seed95201,cdb8a34d115fb7bdd06d991a82f9ea02e7a742dc31bcd05884ffcbdcb113a967,06851cfbd7a0f3f27fba6365cbe6b526c78a3b96a5e414b90a7e15a83f0dcbac
robust_csi_water_filling,Uncertainty-shrunk water filling,baseline,0.8,95201,0.9010527447,0.5494736276,0,0.6969153569,8.434057293e-07,0,robust_csi_water_filling_p0p8_seed95201,20260726T193837Z_ofdm_reliability_allocation_delayed_csi__robust_csi_water_filling_p0p8_seed95201,3bfc30d1644bfee2cf332df8f479f7acfb6ec04f8f6cef0a5596d1d5a24cf9a1,e6e8b5f329d2dd601de48befef761f21190bce6ee696f282b65db220b0589cfd
learned_allocator,Learned reliability-aware allocator,candidate,0.8,95201,0.9799925523,0.5100037238,0,0.6969153569,3.109127277e-06,0,learned_allocator_p0p8_seed95201,20260726T193857Z_ofdm_reliability_allocation_delayed_csi__learned_allocator_p0p8_seed95201,e0e13772c37b3f5214b3ff8a533ac24da987d3b027d0074146cef0775c394483,9964518917fbd6c12d7cbe600fc2da478f981789c8a4c7508d65b7dc136bcfd9
equal_power,Equal power,baseline,0.8,95301,0.9204251195,0.5397874402,0,0.7000095218,1.525878901e-06,0,equal_power_p0p8_seed95301,20260726T193916Z_ofdm_reliability_allocation_delayed_csi__equal_power_p0p8_seed95301,15255ab919ad7a071e9139c5415f6f2da78d2bb3d141bfa8eaf695dd7408a94f,d52b804f0d9411dec0b90888635d3ebcac07fb0d134efe4af477fe25e66fa395
observed_csi_water_filling,Water filling on delayed/noisy CSI,baseline,0.8,95301,0.886658171,0.5566709145,0,0.7000095218,1.070648437e-06,0,observed_csi_water_filling_p0p8_seed95301,20260726T193932Z_ofdm_reliability_allocation_delayed_csi__observed_csi_water_filling_p0p8_seed95301,cde4eb19fdb5842f24e1e48442c111b04fa07de49d7878e1a1c5e7f0872848da,a314234e82afb30e53aa3aa4c62c571b65de9ecdfb0550a6a9e9515a6e0b3339
robust_csi_water_filling,Uncertainty-shrunk water filling,baseline,0.8,95301,0.936403976,0.531798012,0,0.7000095218,9.44733614e-07,0,robust_csi_water_filling_p0p8_seed95301,20260726T193951Z_ofdm_reliability_allocation_delayed_csi__robust_csi_water_filling_p0p8_seed95301,abe79c75e5c29e87c6a08866f2ca52d5cda266afadccb1d5955db2042c6706ea,55ff8529dd1caff593cd4a1ebf5d28b72db445b050b51acc616e15d77950ad50
learned_allocator,Learned reliability-aware allocator,candidate,0.8,95301,1.015533761,0.4922331195,0,0.7000095218,3.01599502e-06,0,learned_allocator_p0p8_seed95301,20260726T194010Z_ofdm_reliability_allocation_delayed_csi__learned_allocator_p0p8_seed95301,fcf7ab8ac320827080b963fb169a8f2289ebcb333a4332db49886b25aac45f11,de1491c96c8019a19f88a255166034f559e2a4419670f9d9045b5ad0f643e948
equal_power,Equal power,baseline,1,95101,1.206722906,0.3966385469,2.026379065e-13,0.6959907377,0,0,equal_power_p1_seed95101,20260726T194027Z_ofdm_reliability_allocation_delayed_csi__equal_power_p1_seed95101,6cc988b16267547e5a09cefbd5999c67da1b9fbbf629cc736f9771fd4f4fd566,eb6002d36d4b330249fac1367a753998388c9fab26683a79a889f7f87cc83522
observed_csi_water_filling,Water filling on delayed/noisy CSI,baseline,1,95101,1.159952735,0.4200236324,0,0.6959907377,1.482665539e-06,0,observed_csi_water_filling_p1_seed95101,20260726T194042Z_ofdm_reliability_allocation_delayed_csi__observed_csi_water_filling_p1_seed95101,b235f3216e3019a73a5181e54f792c49209f43019dac221d9eccb7b698846b92,264de05e6633997bb8b64ef3c94ec2d3cf5a84f5c8bdf9a9352c2c07b1b8fe53
robust_csi_water_filling,Uncertainty-shrunk water filling,baseline,1,95101,1.219962675,0.3900186623,1.616040635e-13,0.6959907377,1.192092896e-06,0,robust_csi_water_filling_p1_seed95101,20260726T194101Z_ofdm_reliability_allocation_delayed_csi__robust_csi_water_filling_p1_seed95101,8c5be21e559e9d69145475d3b9cd63e60b9b1f9f6f950eb30aea67b3d7d96081,a583004b4afc6c99159466f2797709042bc3680f35362ea30f984250ea988468
learned_allocator,Learned reliability-aware allocator,candidate,1,95101,1.295468246,0.3522658769,1.070304956e-11,0.6959907377,6.140209734e-06,0,learned_allocator_p1_seed95101,20260726T194120Z_ofdm_reliability_allocation_delayed_csi__learned_allocator_p1_seed95101,86f503c5282760b04a8ddcaf453c3fe62cffed97468c461ae745bf50bb0a96b7,4382dfc741033f9e2ab94dd3679d0f1a9c58fafbbab2f2781fdce78fe1e1f127
equal_power,Equal power,baseline,1,95201,1.157241045,0.4213794775,4.884981308e-15,0.6969153569,0,0,equal_power_p1_seed95201,20260726T194137Z_ofdm_reliability_allocation_delayed_csi__equal_power_p1_seed95201,a9dc88abbab4ae197f6bb6e910ad0b3825387a38ea048485d3669d1f4f64c788,36b664c1af83538f795889771e8bc869272ecf293267e7f378928377cffe2398
observed_csi_water_filling,Water filling on delayed/noisy CSI,baseline,1,95201,1.119964735,0.4400176327,0,0.6969153569,1.339241862e-06,0,observed_csi_water_filling_p1_seed95201,20260726T194151Z_ofdm_reliability_allocation_delayed_csi__observed_csi_water_filling_p1_seed95201,bedb0870638505daa97fd04dd5f8ad57ba9e064dcdd7a8a2024d9e7212a0226f,49bf815b7538f371a5c1b4198f112eb5eb6729c6d4b5b16119125827ef73b61d
robust_csi_water_filling,Uncertainty-shrunk water filling,baseline,1,95201,1.172233548,0.4138832261,3.408384686e-15,0.6969153569,1.192092896e-06,0,robust_csi_water_filling_p1_seed95201,20260726T194210Z_ofdm_reliability_allocation_delayed_csi__robust_csi_water_filling_p1_seed95201,f0f0384d283ed2c2c64187a5c6d7fa334224edaf7566bbe83ca1dcffcae7c4b2,cb0dbdec2cf64f903046a5cb9ec8d3592f7cebe3c439b48567e0f2f9a7f14a1a
learned_allocator,Learned reliability-aware allocator,candidate,1,95201,1.247097148,0.3764514261,5.190070596e-13,0.6969153569,5.722045898e-06,0,learned_allocator_p1_seed95201,20260726T194230Z_ofdm_reliability_allocation_delayed_csi__learned_allocator_p1_seed95201,f1fccf33c5fe4e5d7bcfc939adfaad71619af0189d30688a15d6f11fbcd4b4e1,e56f5b3eb1368013b908dadad64c068837390acc93762660c96a81bc05e2a952
equal_power,Equal power,baseline,1,95301,1.194212793,0.4028936036,4.596323322e-14,0.7000095218,0,0,equal_power_p1_seed95301,20260726T194247Z_ofdm_reliability_allocation_delayed_csi__equal_power_p1_seed95301,c4c94f7efdcd8ac5f762725919d925e5069071894ccf7d2a6d40388ed4b33e08,ecd31d04480af594219e2a8aeb63d887b9428aa301751e9862b0ae3b577e348d
observed_csi_water_filling,Water filling on delayed/noisy CSI,baseline,1,95301,1.146363333,0.4268183333,0,0.7000095218,1.341104507e-06,0,observed_csi_water_filling_p1_seed95301,20260726T194301Z_ofdm_reliability_allocation_delayed_csi__observed_csi_water_filling_p1_seed95301,908b9f9c62306bfd1f16eee6c7d875ed8e28b72b4528850983a92a14fe4ce8a0,c8e60578ed2cf2b8a26ba507953d9829f26047f4860548139f15a27bec242c05
robust_csi_water_filling,Uncertainty-shrunk water filling,baseline,1,95301,1.206843286,0.3965783568,3.028688411e-14,0.7000095218,1.37090683e-06,0,robust_csi_water_filling_p1_seed95301,20260726T194320Z_ofdm_reliability_allocation_delayed_csi__robust_csi_water_filling_p1_seed95301,bbea12fa962f2b126dc9def2416318e374eabc85a27c143339083273c1315934,6095049fd25595186bfba971c537509c06798d788bb5af3c058b3ffb07e25c92
learned_allocator,Learned reliability-aware allocator,candidate,1,95301,1.281506928,0.3592465359,3.899469636e-12,0.7000095218,6.021931767e-06,0,learned_allocator_p1_seed95301,20260726T194339Z_ofdm_reliability_allocation_delayed_csi__learned_allocator_p1_seed95301,044633c0da56f961fef5d5a6707cdc701df087a33eb64289bd3394209c3c25f0,1f46070a26133899ba3c5045e946238b9b12632b52b37faac271eec54f4750c4
equal_power,Equal power,baseline,1.4,95101,1.562707293,0.2186463537,2.528053623e-06,0.6959907377,3.051757801e-06,0,equal_power_p1p4_seed95101,20260726T194356Z_ofdm_reliability_allocation_delayed_csi__equal_power_p1p4_seed95101,d4635faa98d5e322ddbddeeee8d562501d4e288c20e439fc43aa61f8a623a9ff,5efda9c5fd341f77136f079ad87f09447ac86a6db726acb828b88ce76cd6136b
observed_csi_water_filling,Water filling on delayed/noisy CSI,baseline,1.4,95101,1.505884535,0.2470577326,1.467786682e-08,0.6959907377,1.671910297e-06,0,observed_csi_water_filling_p1p4_seed95101,20260726T194410Z_ofdm_reliability_allocation_delayed_csi__observed_csi_water_filling_p1p4_seed95101,2fc50f780d7162f1bbfcf587afd7d7199c2a59af6ea3c038a0fc234ae2f6e796,7ddfdefc8dc25e61729c4e18eda5155fec36925e473698c0c19a13de228dc31b
robust_csi_water_filling,Uncertainty-shrunk water filling,baseline,1.4,95101,1.56754525,0.2162273751,2.527229788e-06,0.6959907377,1.502037037e-06,0,robust_csi_water_filling_p1p4_seed95101,20260726T194429Z_ofdm_reliability_allocation_delayed_csi__robust_csi_water_filling_p1p4_seed95101,b7cdaa92f608d1227340377c68dbc23bac9689e17f4f0a06c62dc35dc3aec757,aa29de937a2a2e5a1b378729d9e1532dfa159ab9dedefdaa8df4313a92e4279d
learned_allocator,Learned reliability-aware allocator,candidate,1.4,95101,1.620339939,0.1898300307,2.818881695e-05,0.6959907377,5.510449398e-06,0,learned_allocator_p1p4_seed95101,20260726T194448Z_ofdm_reliability_allocation_delayed_csi__learned_allocator_p1p4_seed95101,36be287f5e936c5af784eb2599b17d492b9f1e6f3d7441f11e98f6c46e4de692,d252fc66e69172bde884b3000196904486093bbc2e6917c9377bf45c5da2cc8d
equal_power,Equal power,baseline,1.4,95201,1.515585332,0.242207334,2.123836248e-07,0.6969153569,3.051757801e-06,0,equal_power_p1p4_seed95201,20260726T194505Z_ofdm_reliability_allocation_delayed_csi__equal_power_p1p4_seed95201,eab30ae51b3931cd696d80d1c48f6ede19a4f81dbc97565167e0ac01a88746a7,1208d0c0f342c16c057f8f30024c76483697ab52a020c82b35253fb321e04a52
observed_csi_water_filling,Water filling on delayed/noisy CSI,baseline,1.4,95201,1.475725636,0.2621371819,1.089720192e-09,0.6969153569,2.213567484e-06,0,observed_csi_water_filling_p1p4_seed95201,20260726T194520Z_ofdm_reliability_allocation_delayed_csi__observed_csi_water_filling_p1p4_seed95201,e502576e5d2319e934983f38c90cf25a04eeb4ecf98f8d63afdec94f5f37b1e0,a04d583243750880cf3b0628a409eb27292594fa9cabe80177b246b61db2cda5
robust_csi_water_filling,Uncertainty-shrunk water filling,baseline,1.4,95201,1.524426878,0.2377865611,2.527335187e-07,0.6969153569,1.716613781e-06,0,robust_csi_water_filling_p1p4_seed95201,20260726T194539Z_ofdm_reliability_allocation_delayed_csi__robust_csi_water_filling_p1p4_seed95201,a00db4574893cf60c1fb2e3bd0359b073ebd7926807266fe487a56b92fa80f2d,f102b9238027581930765750d0f7a289ef674e0401dfabbe15b09add9efe3065
learned_allocator,Learned reliability-aware allocator,candidate,1.4,95201,1.578963637,0.2105181814,3.766311653e-06,0.6969153569,5.827099073e-06,0,learned_allocator_p1p4_seed95201,20260726T194559Z_ofdm_reliability_allocation_delayed_csi__learned_allocator_p1p4_seed95201,532846fd1afb4a990c4951cfb2f586b4d714f375be8ddc367d811f99d78b2348,a6290a7614ea61ee799423ea7e56a7807382df198af928a607d505b50a752cdc
equal_power,Equal power,baseline,1.4,95301,1.550614907,0.2246925467,8.822829118e-07,0.7000095218,3.051757801e-06,0,equal_power_p1p4_seed95301,20260726T194616Z_ofdm_reliability_allocation_delayed_csi__equal_power_p1p4_seed95301,b28c8bc0bc697371bb5cdc104ce79f4197d801fb43835c59e58d3079d9bae2d2,f6132b973e89a8860366acf4ff9c1072bea26db24f023ae259664ed0fb1ca86f
observed_csi_water_filling,Water filling on delayed/noisy CSI,baseline,1.4,95301,1.504461723,0.2477691386,1.932703531e-09,0.7000095218,1.920573425e-06,0,observed_csi_water_filling_p1p4_seed95301,20260726T194631Z_ofdm_reliability_allocation_delayed_csi__observed_csi_water_filling_p1p4_seed95301,836415575b75529e681a221d3df1c17a3c8c0620c72befdc1f54761d99507888,1990d29de08509735ef318c822a727caacca64e12fe550255af29448d6a9e2e8
robust_csi_water_filling,Uncertainty-shrunk water filling,baseline,1.4,95301,1.559175771,0.2204121145,8.797259943e-07,0.7000095218,1.716613781e-06,0,robust_csi_water_filling_p1p4_seed95301,20260726T194651Z_ofdm_reliability_allocation_delayed_csi__robust_csi_water_filling_p1p4_seed95301,d2c8d2a03caf24769be088cbfa75b64b70f5bf8339956c112db9a0f40d3920c6,c8778f9b963b9aeb46a875d88c0f008d58215265fd2dbfeaa63f05bd8a677070
learned_allocator,Learned reliability-aware allocator,candidate,1.4,95301,1.612652152,0.1936739241,1.533893862e-05,0.7000095218,5.704164494e-06,0,learned_allocator_p1p4_seed95301,20260726T194711Z_ofdm_reliability_allocation_delayed_csi__learned_allocator_p1p4_seed95301,cde64c24f586a4dacd96ac78e7c5d66285a81f65019cd88e65ce87cb8059089b,a85740d5584393714b9d849dc255c059daa491e03cd572b30d492796cf55ff11
