method_id,method_label,role,average_power_budget,paired_seed,spectral_efficiency_bps_hz,water_filling_relative_gap,water_filling_kkt_residual,max_power_constraint_error,max_negative_power_violation,recipe_id,run_id,recipe_sha256,semantic_recipe_sha256
equal_power,Equal power,baseline,0.5,71001,1.66451166334,0.040605753146,0.566293230752,0,0,equal_power_p0p5_seed71001,20260727T002420Z_ofdm_subcarrier_resource_allocation__equal_power_p0p5_seed71001,c4f867ef568f817dbb69e0aeca7e0f285c7c7b235577c32ec4529e242c724fe8,14ec0422f9bbad02228590754c72ec4b96ebbbc7eea0159048a19ec68a4fa415
learned_allocator,Learned allocator,candidate,0.5,71001,1.73496100762,3.25099282342e-08,0.000790186937674,8.04662704468e-07,0,learned_allocator_p0p5_seed71001,20260727T002436Z_ofdm_subcarrier_resource_allocation__learned_allocator_p0p5_seed71001,2fd0a9bede56ca361eaa6ca27172f460b70c615e878d7e5c89edb95ed49435fb,668d88cc043bedbc287f8b07597456fc57a672f9351e0c26685f19d5895e3f3c
water_filling,Water filling (Shannon oracle),oracle,0.5,71001,1.734961064,1.56107899433e-11,3.62963543174e-08,3.42726707458e-07,0,water_filling_p0p5_seed71001,20260727T002453Z_ofdm_subcarrier_resource_allocation__water_filling_p0p5_seed71001,e3fc949ab5f7f44c2e9470358be62c8c4dae79328dbbb41764c519d8e8334407,9b5cf7f7974b7ad3e9c7e9cdee7ba44b9e7f73a758228716475c680f80e2f49b
equal_power,Equal power,baseline,0.5,72001,1.66438865152,0.0407552408386,0.570207389734,0,0,equal_power_p0p5_seed72001,20260727T002514Z_ofdm_subcarrier_resource_allocation__equal_power_p0p5_seed72001,f8c077062555c920354539ede83aaf4671dc7b2893ef129f131da7b708b02b3c,b59447b2cba5504e0b7c3184afdb6af6767e7fa01d1d99871e21a8471828937c
learned_allocator,Learned allocator,candidate,0.5,72001,1.73510314949,2.93030371969e-08,0.000790482507968,7.7486038208e-07,0,learned_allocator_p0p5_seed72001,20260727T002530Z_ofdm_subcarrier_resource_allocation__learned_allocator_p0p5_seed72001,1026987836bfdcfb1614a54fa508cb7f4b97dc01db77f6671182eb3080c0285b,494963e159a3a36bbd8bf9f7245dd5427743d1d0a8b152d91413ea1e4dc40745
water_filling,Water filling (Shannon oracle),oracle,0.5,72001,1.73510320034,0,3.62941108417e-08,3.83704900742e-07,0,water_filling_p0p5_seed72001,20260727T002546Z_ofdm_subcarrier_resource_allocation__water_filling_p0p5_seed72001,7d6e33ed06e63856492de967bbdccf5e6dc9d3ee50eba2667fa8faf65a892e97,38fec34bf5e6ce28ea74f350350209d786a9639af51dbfe903966a5bce7e76d1
equal_power,Equal power,baseline,0.5,73001,1.66477672408,0.0406946913947,0.567983485177,0,0,equal_power_p0p5_seed73001,20260727T002607Z_ofdm_subcarrier_resource_allocation__equal_power_p0p5_seed73001,692fdfa4ccb9c963ef99ff2a346b90a0588103eada440df5b521f5e1660e2a90,59deb9ed6d4c70a8689c5440adee51c091d44c56f4e2c6f41b92d164f962c9c6
learned_allocator,Learned allocator,candidate,0.5,73001,1.73539816889,2.89062985383e-08,0.000788836732936,8.04662704468e-07,0,learned_allocator_p0p5_seed73001,20260727T002621Z_ofdm_subcarrier_resource_allocation__learned_allocator_p0p5_seed73001,96604333108e6b174961ab6a2f81fc778af41be8dc1378802c7eed9212eba127,d95fc838a1fa25357d704b1b29f119902327bceab1dc4aca87a523905b1d09f9
water_filling,Water filling (Shannon oracle),oracle,0.5,73001,1.73539821906,0,3.6308750819e-08,3.42726707458e-07,0,water_filling_p0p5_seed73001,20260727T002636Z_ofdm_subcarrier_resource_allocation__water_filling_p0p5_seed73001,6ee75fdaefebd9109a333328b50466c258ca8c3fda9e5476ff1634d875d85572,1186d7b0bad7a0f153b7222f3ff8836017c9f07be9cb0b3fac84257b3486291d
equal_power,Equal power,baseline,1,71001,2.37570143077,0.0196854859421,0.474337426203,0,0,equal_power_p1_seed71001,20260727T002657Z_ofdm_subcarrier_resource_allocation__equal_power_p1_seed71001,5247e969beec9bfdbfed52208b9c38b1f754a0d08f8b318289b9b487dce83ef7,6075935c5f7bf8ae6c87ede11ad1e925d45f77f8ab94f6fd6172c0b25442a122
learned_allocator,Learned allocator,candidate,1,71001,2.42340736071,9.08902324445e-09,0.000550491595001,1.66893005371e-06,0,learned_allocator_p1_seed71001,20260727T002711Z_ofdm_subcarrier_resource_allocation__learned_allocator_p1_seed71001,3f04d378acdacfc4d4dba1f0305c40009b8b7505b50e779bef7449b851f21816,257245cdccb8c64258b64742fbdbe594a159045fb01aad85f476afede4aa090f
water_filling,Water filling (Shannon oracle),oracle,1,71001,2.42340738274,0,4.33811135859e-08,6.92903995514e-07,0,water_filling_p1_seed71001,20260727T002727Z_ofdm_subcarrier_resource_allocation__water_filling_p1_seed71001,a2c5f3279963a1ee44d196197bd5b32fe7095bd650a2267ba2036f7e93b0cdad,bcd1a953bd39d01bedaaf2b2f5b41b19a42f8f12cafe07a17554d71f29b81aa6
equal_power,Equal power,baseline,1,72001,2.37548454402,0.0197223680051,0.47782705744,0,0,equal_power_p1_seed72001,20260727T002750Z_ofdm_subcarrier_resource_allocation__equal_power_p1_seed72001,8427f9311660c6f611311db5f1095d66330e99c9c8d4d54705c6e6e703f57cbe,77f6f0b7a2f63a388732c4fa074602de8ffffe5727466a64dc8a906f6190b487
learned_allocator,Learned allocator,candidate,1,72001,2.42327728858,9.22207076878e-09,0.00055315134213,1.61305069923e-06,0,learned_allocator_p1_seed72001,20260727T002806Z_ofdm_subcarrier_resource_allocation__learned_allocator_p1_seed72001,ac8410e9204e3c86255957ad9215f21b3ca2f2dcd4218be05dbaded078f1aaed,8764aefe7a0d654cb44a970671d50967a04dfb96a78ba089a6a6e5583f1b55fc
water_filling,Water filling (Shannon oracle),oracle,1,72001,2.42327731091,7.31829511471e-12,4.34097269362e-08,8.19563865662e-07,0,water_filling_p1_seed72001,20260727T002824Z_ofdm_subcarrier_resource_allocation__water_filling_p1_seed72001,a07e9202863b1c3687fca44afa4abcff631f714999d357bb9c9217b6940ca467,fd46b6949763425d96eec7fa839d4cb8d76b90e869fff7b4d186736109d6d164
equal_power,Equal power,baseline,1,73001,2.37599383819,0.0197498799159,0.476123445029,0,0,equal_power_p1_seed73001,20260727T002847Z_ofdm_subcarrier_resource_allocation__equal_power_p1_seed73001,e95c1a355916101b7118b7d6cef50b1d6a4bce532d5019c278bc7e68b60522bf,d542e1fe95c4d5606fd2661fed99813c19be17d61de1fca54fe81cbfc8fa2e1f
learned_allocator,Learned allocator,candidate,1,73001,2.42386485606,9.24722814328e-09,0.000549759597044,1.60932540894e-06,0,learned_allocator_p1_seed73001,20260727T002903Z_ofdm_subcarrier_resource_allocation__learned_allocator_p1_seed73001,084118e8c69bfef93abcd47e87fc9acf7e45f6175dd34536a106550f18926910,44236e176e594df1b350c684d61a14e5da974602c22e6970cb54e1bb34195645
water_filling,Water filling (Shannon oracle),oracle,1,73001,2.42386487847,0,4.34169703323e-08,7.95349478722e-07,0,water_filling_p1_seed73001,20260727T002921Z_ofdm_subcarrier_resource_allocation__water_filling_p1_seed73001,21515ef957f7a943d65907a6e665512ebd6e2ab39c2bcbbba15db6793d6bc2fe,dd3780913895a51b9da111a0dea758cffacf236058437794f61ea017ffcc93b9
equal_power,Equal power,baseline,2,71001,3.19155859805,0.00913227741116,0.380020563614,0,0,equal_power_p2_seed71001,20260727T002946Z_ofdm_subcarrier_resource_allocation__equal_power_p2_seed71001,721e3643c026308c863e1577a74d55fdddadc1911e3343d3d80a70aa1639f35f,bad327e7bf46d017ea2f565f9ea929122e1b6e4ea9b896205eb1cc744304554d
learned_allocator,Learned allocator,candidate,2,71001,3.22097340776,4.06986191753e-09,0.00041280250485,3.33786010742e-06,0,learned_allocator_p2_seed71001,20260727T003003Z_ofdm_subcarrier_resource_allocation__learned_allocator_p2_seed71001,daa1cc19e58e735f181be4b0c714e4b5332fef469def96608bd0e9ed0ed03e42,ec9ea28872e6bcc15f46068de0122bb4192beb0d0fefe7e566e0cbdbeda6559b
water_filling,Water filling (Shannon oracle),oracle,2,71001,3.22097342087,0,4.89149247661e-08,1.66893005371e-06,0,water_filling_p2_seed71001,20260727T003022Z_ofdm_subcarrier_resource_allocation__water_filling_p2_seed71001,74065b10c7d52e718b43cbc1250ea6962236ab0836df66b7ffec611369d3393a,501a90dee330e8a849b45d265544356f57f647d3c85d9c9db631605d1a274751
equal_power,Equal power,baseline,2,72001,3.1912675874,0.00911994074674,0.382711873007,0,0,equal_power_p2_seed72001,20260727T003047Z_ofdm_subcarrier_resource_allocation__equal_power_p2_seed72001,403e16e5511629566411a347b4dbbea6d45320627601280bb783abb392fb153e,a2179a4aee8d7f001bf8b8475ba189206a7468d2e606fad4e5ee6f4b33f0e9d0
learned_allocator,Learned allocator,candidate,2,72001,3.22063961722,3.96471131318e-09,0.000413529031344,3.33786010742e-06,0,learned_allocator_p2_seed72001,20260727T003104Z_ofdm_subcarrier_resource_allocation__learned_allocator_p2_seed72001,f25d3507e0ecdc71a88900024b6455e8a770a1bf640c48288814a2cdcec96dbe,f45d9019f7aa2773d92464973c97ee097164a984c6017fa52726a7f4c526bfd0
water_filling,Water filling (Shannon oracle),oracle,2,72001,3.22063962995,1.1451916791e-11,4.89367763101e-08,1.43051147461e-06,0,water_filling_p2_seed72001,20260727T003123Z_ofdm_subcarrier_resource_allocation__water_filling_p2_seed72001,34cc00084ab54905a3aa89b22af28d0edc4c2a51799743dc43e5f991759cb502,5c46212f2ed01fe638ae9104496abbb65db36c9012a70df05083ce32e6468960
equal_power,Equal power,baseline,2,73001,3.19182755511,0.00917190679879,0.381685014072,0,0,equal_power_p2_seed73001,20260727T003147Z_ofdm_subcarrier_resource_allocation__equal_power_p2_seed73001,59156bbf7cc4c9ad007379054c020b7dddedcb0f859aa5b7719839eb761fea35,84312d19058f5e7b84332d081d7e05523f448decf8c1dc06fb8214cfb3b577e4
learned_allocator,Learned allocator,candidate,2,73001,3.22137368154,3.99269898647e-09,0.00041327906967,3.33786010742e-06,0,learned_allocator_p2_seed73001,20260727T003205Z_ofdm_subcarrier_resource_allocation__learned_allocator_p2_seed73001,e9949afb0e1d494d9ba1357479c5283f589f574cd450e499c52324932434a5d8,98ceac33f5548f6a3621cf9b9aae7417704e9272b367b284b5b35adddc35b352
water_filling,Water filling (Shannon oracle),oracle,2,73001,3.22137369438,7.10046738206e-12,4.89219723591e-08,1.49011611938e-06,0,water_filling_p2_seed73001,20260727T003225Z_ofdm_subcarrier_resource_allocation__water_filling_p2_seed73001,914e991d7841e30f6e2d8ac969dde71867ca083482246853e4376f7d3aa2a3df,616f7fa04295bddec6afd57fa63d764e3f1b926e953fcabc4866b1b1c171cee0
