policy,run_id,average_transmit_power_budget,nominal_transmit_snr_db,noise_variance,channel_gain_average,spectral_efficiency_bps_hz,shannon_optimum_achievement_percent,payload_bler,payload_goodput_bits_per_resource_element,scheduled_resource_element_count,data_bearing_resource_element_count,resource_element_utilization,relative_gap_to_water_filling,max_power_budget_error,negative_power_violation,allocator_wall_time_s
equal_power,20260722T124423Z_ofdm_subcarrier_resource_allocation_1__resource.average_transmit_power_budget_0.5,0.5,3.979400086720376,0.2,1.0,1.6646637334618246,95.94642697662353,0.67578125,0.05243286727436939,6483872.0,1044848.0,0.1611456857877515,0.04053573022481217,0.0,0.0,3.822446198959369
learned_allocator,20260722T123820Z_ofdm_subcarrier_resource_allocation__resource.average_transmit_power_budget_0.5,0.5,3.979400086720376,0.2,1.0,1.7349928781071706,99.99999647862158,0.505859375,0.1555203380876915,3331680.0,983424.0,0.29517360610862986,3.520445330948918e-08,8.046627044677734e-07,0.0,13.894499751972035
water_filling,20260722T124953Z_ofdm_subcarrier_resource_allocation_2__resource.average_transmit_power_budget_0.5,0.5,3.979400086720376,0.2,1.0,1.7349929392028374,100.0,0.4951171875,0.1588905322602332,3331904.0,983428.0,0.2951549624478977,0.0,3.762543201446533e-07,0.0,35.071545676968526
equal_power,20260722T124528Z_ofdm_subcarrier_resource_allocation_1__resource.average_transmit_power_budget_1,1.0,6.989700043360188,0.2,1.0,2.3759460778938344,98.03880532986294,0.388671875,0.39936204146730464,1605120.0,947773.0,0.5904686253987241,0.019611946702815245,0.0,0.0,3.7631989590008743
learned_allocator,20260722T123931Z_ofdm_subcarrier_resource_allocation__resource.average_transmit_power_budget_1,1.0,6.989700043360188,0.2,1.0,2.4234751210042424,99.99999908268856,0.318359375,0.5152717541755099,1387136.0,844434.0,0.6087607848112946,9.174587783968686e-09,1.6689300537109375e-06,0.0,13.02703472704161
water_filling,20260722T125140Z_ofdm_subcarrier_resource_allocation_2__resource.average_transmit_power_budget_1,1.0,6.989700043360188,0.2,1.0,2.423475143235057,100.0,0.330078125,0.5064015317539043,1387168.0,844418.0,0.6087352072712173,1.473471409998589e-12,7.748603820800781e-07,0.0,33.643872745975386
equal_power,20260722T124633Z_ofdm_subcarrier_resource_allocation_1__resource.average_transmit_power_budget_2,2.0,10.0,0.2,1.0,3.1919233378786895,99.0931802916817,0.2060546875,1.0243729574359177,812704.0,676244.0,0.8320913887467024,0.009068197084976432,0.0,0.0,3.3225691539701074
learned_allocator,20260722T124044Z_ofdm_subcarrier_resource_allocation__resource.average_transmit_power_budget_2,2.0,10.0,0.2,1.0,3.22113319559645,99.9999995948809,0.1591796875,1.1042000641231164,798464.0,655336.0,0.8207458319974351,4.053000822265722e-09,3.337860107421875e-06,0.0,12.75085706799291
water_filling,20260722T125320Z_ofdm_subcarrier_resource_allocation_2__resource.average_transmit_power_budget_2,2.0,10.0,0.2,1.0,3.2211332086458757,100.0,0.1611328125,1.1016351394677781,798464.0,655339.0,0.8207495892112857,1.8099230206477338e-12,1.7881393432617188e-06,0.0,39.08652781601995
equal_power,20260722T124738Z_ofdm_subcarrier_resource_allocation_1__resource.average_transmit_power_budget_3,3.0,11.760912590556813,0.2,1.0,3.704732050393627,99.42905896908691,0.13671875,1.36,665600.0,596707.0,0.8964948918269231,0.005709410307306847,0.0,0.0,3.078395977965556
learned_allocator,20260722T124158Z_ofdm_subcarrier_resource_allocation__resource.average_transmit_power_budget_3,3.0,11.760912590556813,0.2,1.0,3.7260052979276845,99.9999987711444,0.12890625,1.37807174238401,662816.0,586771.0,0.8852698184714913,1.2286721429072742e-08,4.0531158447265625e-06,0.0,12.893448185990565
water_filling,20260722T125512Z_ofdm_subcarrier_resource_allocation_2__resource.average_transmit_power_budget_3,3.0,11.760912590556813,0.2,1.0,3.7260053437149097,100.0,0.12109375,1.3903640050207589,662848.0,586800.0,0.8852708313218113,0.0,1.9669532775878906e-06,0.0,35.63663407805143
equal_power,20260722T124844Z_ofdm_subcarrier_resource_allocation_1__resource.average_transmit_power_budget_4,4.0,13.010299956639813,0.2,1.0,4.0804559966528515,99.5899753672502,0.0830078125,1.588664481336576,605248.0,560078.0,0.9253694353389024,0.004100246334818207,0.0,0.0,3.599871404992882
learned_allocator,20260722T124310Z_ofdm_subcarrier_resource_allocation__resource.average_transmit_power_budget_4,4.0,13.010299956639813,0.2,1.0,4.097255322959746,99.99998946725823,0.0927734375,1.5962199312714778,595968.0,545913.0,0.9160105911726805,1.0533476804012855e-07,6.9141387939453125e-06,0.0,12.88835070800269
water_filling,20260722T125657Z_ofdm_subcarrier_resource_allocation_2__resource.average_transmit_power_budget_4,4.0,13.010299956639813,0.2,1.0,4.097255754513114,100.0,0.09765625,1.5872879536182092,596096.0,546063.0,0.916065533068499,7.350371970750768e-12,3.0994415283203125e-06,0.0,40.65808758698404
