method_id,method_label,role,snr_db,tdl_profile,paired_seed,nmse_db,zf_spectral_efficiency_bps_hz,perfect_csi_zf_spectral_efficiency_bps_hz,zf_rate_retention,complex_correlation,recipe_id,run_id,recipe_sha256,semantic_recipe_sha256
least_squares,Least squares,baseline,-5,A,91001,3.64879091602,0.626041615556,0.695861771085,0.899663757329,0.547806143761,least_squares_tdla_snrm5_seed91001,20260726T235356Z_mimo_ofdm_mixed_tdl_channel_estimation__least_squares_tdla_snrm5_seed91001,e89ef195af49d0613264b6959ddb534448c251aa5399b23e9daf0988b4f20235,0d1e50f7c4875905364531b71f5fbfc9f760b6a1131923517d05c300ec531f0c
fixed_prior_lmmse,Fixed-prior LMMSE,baseline,-5,A,91001,-3.90176837642,0.667857624283,0.695861771085,0.959756164277,0.770648956299,fixed_prior_lmmse_tdla_snrm5_seed91001,20260726T235400Z_mimo_ofdm_mixed_tdl_channel_estimation__fixed_prior_lmmse_tdla_snrm5_seed91001,3781370bcd0d76a3b2a2a4cd26e859bc123c275cbf9d8d860b4b22746ba5a3d9,982f85d40d739af76e1f13fd18624151bf57337215019c9a211bee313a9ab9f5
learned_estimator,Learned dual-domain estimator,candidate,-5,A,91001,-4.44963675727,0.656862734351,0.695861771085,0.943955770594,0.801374614239,learned_estimator_tdla_snrm5_seed91001,20260726T235401Z_mimo_ofdm_mixed_tdl_channel_estimation__learned_estimator_tdla_snrm5_seed91001,9fd31ee2a3eb7f493b20547e6ebc69dd2095c1a00e1f177ba6c95b7808a887f3,2262ff998f26649fc1f8e71216f06c1bb72cf9c66cf34f0d51033b5c4eba3b5a
least_squares,Least squares,baseline,-5,C,92001,3.54353712042,0.663871125513,0.781185512846,0.84982518825,0.553743362427,least_squares_tdlc_snrm5_seed92001,20260726T235403Z_mimo_ofdm_mixed_tdl_channel_estimation__least_squares_tdlc_snrm5_seed92001,1597943dc2761eb1a6e9cdcf9869511371b4498d88105ad820a597bb8f340eed,30690c4596901a8bff1039291ce41ffe2d39589840d6d33302b96c30dde1943a
fixed_prior_lmmse,Fixed-prior LMMSE,baseline,-5,C,92001,-4.20623997497,0.749534099258,0.781185512846,0.959482846177,0.788519859314,fixed_prior_lmmse_tdlc_snrm5_seed92001,20260726T235404Z_mimo_ofdm_mixed_tdl_channel_estimation__fixed_prior_lmmse_tdlc_snrm5_seed92001,be5fd8e95fdfe10cc3109dfd1a422fee3193518e7f5d568459ada71b3953f80e,74ae9e9b1845b0bfc07af1b73199c7b5a352429968d34e918bbbfd88c2d4eca7
learned_estimator,Learned dual-domain estimator,candidate,-5,C,92001,-4.77980288308,0.743660173435,0.781185512846,0.951963600459,0.817453145981,learned_estimator_tdlc_snrm5_seed92001,20260726T235405Z_mimo_ofdm_mixed_tdl_channel_estimation__learned_estimator_tdlc_snrm5_seed92001,8784e61ac0eee636fa7c53ce2e2c6315257a2951a6142fecd61b85b65802f203,997d18c83780d547c82c7e5cbd0bbe3c75ab8a82291d4fb53ff0bf8e301e2e0a
least_squares,Least squares,baseline,-5,E,93001,3.61756593251,0.509140251785,0.17953633017,2.83586197458,0.547176063061,least_squares_tdle_snrm5_seed93001,20260726T235406Z_mimo_ofdm_mixed_tdl_channel_estimation__least_squares_tdle_snrm5_seed93001,cc8bb0c3669ffcc2757f10361db9857e75a17105e6f42283266184d013e2b8ff,6b0b4be969c0f57c9d018782fa192d020fe4fa900940d9493074c584ef1b29eb
fixed_prior_lmmse,Fixed-prior LMMSE,baseline,-5,E,93001,-5.5923825059,0.314991872053,0.17953633017,1.75447427133,0.851032733917,fixed_prior_lmmse_tdle_snrm5_seed93001,20260726T235407Z_mimo_ofdm_mixed_tdl_channel_estimation__fixed_prior_lmmse_tdle_snrm5_seed93001,2a931939e4206361a7fcbd1b4b2291b312a0e30b14c631a3e50e455618d197f1,c158840c9357fd5ad8f06dfb6c1fb369483ab13659941b98de0be52d1cce39db
learned_estimator,Learned dual-domain estimator,candidate,-5,E,93001,-7.66287724602,0.175466540647,0.17953633017,0.977331665856,0.910412073135,learned_estimator_tdle_snrm5_seed93001,20260726T235408Z_mimo_ofdm_mixed_tdl_channel_estimation__learned_estimator_tdle_snrm5_seed93001,60ae6e980e72bd13530d384a94dbc0b8009950c77995604dcb638950f9079e70,15677ecd604fbed7c62519a2e8c74f189e7223273d9e8b1c1b8bcefe2940524d
least_squares,Least squares,baseline,0,A,91001,-1.34536219216,1.39422934374,1.67727493879,0.8312467512,0.757822334766,least_squares_tdla_snr0_seed91001,20260726T235410Z_mimo_ofdm_mixed_tdl_channel_estimation__least_squares_tdla_snr0_seed91001,3f7f840f84ad290dfd9c4fc538b3ad3e289a8bbc289155e56400eb2b9d719cda,4443342aa8e75bd0f420a2b65b66e6f2205cb249c4dd9b0794dfdb7c794784e9
fixed_prior_lmmse,Fixed-prior LMMSE,baseline,0,A,91001,-6.23011825685,1.5244809957,1.67727493879,0.908903460274,0.873150289059,fixed_prior_lmmse_tdla_snr0_seed91001,20260726T235411Z_mimo_ofdm_mixed_tdl_channel_estimation__fixed_prior_lmmse_tdla_snr0_seed91001,966c55a0db2eedea5f960a4bb1e774b88047cebffd07837eeafa7fa99a7a5ea7,8ba039a356f4cb4ff1c53e61fa400be27c0dca307134a6481ae7af374348e00a
learned_estimator,Learned dual-domain estimator,candidate,0,A,91001,-7.48002505662,1.52444241876,1.67727493879,0.908880460506,0.906290590763,learned_estimator_tdla_snr0_seed91001,20260726T235412Z_mimo_ofdm_mixed_tdl_channel_estimation__learned_estimator_tdla_snr0_seed91001,3f6bdeba36f81924fa3a6b80f59b8093496ef50ffe56d9491236cdbe6705af0d,890b7e377c0a8ff45b0840671f07cb8913fd781528b24a5c6471c35cd99a08c4
least_squares,Least squares,baseline,0,C,92001,-1.44934749183,1.49434636429,1.85350031528,0.806229355329,0.762476563454,least_squares_tdlc_snr0_seed92001,20260726T235413Z_mimo_ofdm_mixed_tdl_channel_estimation__least_squares_tdlc_snr0_seed92001,b873f697486fcbb40823f00f69fb74d70c967658f95083e0912ae241c09b43a9,c2edceb42dcbd7a3f5b95cef49a6dafe9b3f382046885cad01ad60e6fd10278b
fixed_prior_lmmse,Fixed-prior LMMSE,baseline,0,C,92001,-6.40228696317,1.70164250163,1.85350031528,0.918069712535,0.878727674484,fixed_prior_lmmse_tdlc_snr0_seed92001,20260726T235414Z_mimo_ofdm_mixed_tdl_channel_estimation__fixed_prior_lmmse_tdlc_snr0_seed92001,5307e8393eb77e7bcab7f2d9436ec53af0ed50b8f70f449b8a5ec194c2dfe3f9,d5f2492159c55eba6ff3398adb7277ae3deb2305f7602eac11dbd0e7760c6120
learned_estimator,Learned dual-domain estimator,candidate,0,C,92001,-7.76528775472,1.72662383098,1.85350031528,0.931547632738,0.912639081478,learned_estimator_tdlc_snr0_seed92001,20260726T235416Z_mimo_ofdm_mixed_tdl_channel_estimation__learned_estimator_tdlc_snr0_seed92001,4dddba3b8cedb70167e2970175da879e1ca0b5e47d37f2f74a009e4d49bb4f1b,ffc50fd639ee4fed7a5c841522ff54f77084e9c8063ca317e0c4495e15a29339
least_squares,Least squares,baseline,0,E,93001,-1.37283531558,0.878110691119,0.50954906492,1.72330939565,0.758503496647,least_squares_tdle_snr0_seed93001,20260726T235417Z_mimo_ofdm_mixed_tdl_channel_estimation__least_squares_tdle_snr0_seed93001,218d93842ccf22d2feb5bf85fbb989f1a2ea671da1e5ab1c9f7dba8684f1355a,e1d7a36126474c3458be3a122e4db213e942806e411f90099ffc1c6f67f1191c
fixed_prior_lmmse,Fixed-prior LMMSE,baseline,0,E,93001,-8.39792313034,0.621381210295,0.50954906492,1.21947277127,0.925455927849,fixed_prior_lmmse_tdle_snr0_seed93001,20260726T235418Z_mimo_ofdm_mixed_tdl_channel_estimation__fixed_prior_lmmse_tdle_snr0_seed93001,22a166d96852254cf931e9fa7cd349a6f0510cc0ef74847979a71ff5924387c2,144a8e35727981705732ea4d07904cf85a1e7ec1686ac2ce45545fa07dd5b9bc
learned_estimator,Learned dual-domain estimator,candidate,0,E,93001,-10.5539982969,0.39688779369,0.50954906492,0.778900053035,0.954988598824,learned_estimator_tdle_snr0_seed93001,20260726T235420Z_mimo_ofdm_mixed_tdl_channel_estimation__learned_estimator_tdle_snr0_seed93001,6bbd3d65375267a3c6cdaa5e41d506100fcb503a84c601d0c20f0be6d67f4df5,2440193e6ca54eb08067a15e2043b50f87f1d9d346876d2883b2d6bb533a682f
least_squares,Least squares,baseline,5,A,91001,-6.32703223884,2.73844239788,3.37996313766,0.810198894589,0.899530529976,least_squares_tdla_snr5_seed91001,20260726T235421Z_mimo_ofdm_mixed_tdl_channel_estimation__least_squares_tdla_snr5_seed91001,f679bd8af9eac9f7b25dead9309444d0fb7848b0ab1de58704d1810a194fb91a,2ef6afa422a859eaa0f21db716a863296ecf992ced3051e350339e5b75ed22d5
fixed_prior_lmmse,Fixed-prior LMMSE,baseline,5,A,91001,-8.42360688448,2.98821169065,3.37996313766,0.884095940976,0.925465524197,fixed_prior_lmmse_tdla_snr5_seed91001,20260726T235422Z_mimo_ofdm_mixed_tdl_channel_estimation__fixed_prior_lmmse_tdla_snr5_seed91001,791b22fc515419884f8a9a013b4b34789004b17bbea3e031fd12256bdb2c2349,8c2bac34a9ecec906ea61d7462db70708dc5d1b69622e0e4b592c3987f28f3c6
learned_estimator,Learned dual-domain estimator,candidate,5,A,91001,-10.7722319965,3.01407970258,3.37996313766,0.891749282409,0.957252144814,learned_estimator_tdla_snr5_seed91001,20260726T235424Z_mimo_ofdm_mixed_tdl_channel_estimation__learned_estimator_tdla_snr5_seed91001,7f2216894dd25d02e49f10b692ed472fa4a762dbf21b08ffb3a34a1015e369a5,dc903a0b4664f11fbc4ac5a46c6692815eb354c00ed6d21a48c40597cd4ac430
least_squares,Least squares,baseline,5,C,92001,-6.42804809643,2.96033743806,3.67013049048,0.806602774954,0.901872217655,least_squares_tdlc_snr5_seed92001,20260726T235425Z_mimo_ofdm_mixed_tdl_channel_estimation__least_squares_tdlc_snr5_seed92001,a66281d55be19cfc7ff37d7563544daffb918446a17fe47cfffbeda725d3e274,d471566805b8b83a2b795f07bbc233344a48c86c612d5566df4e4517d20fac93
fixed_prior_lmmse,Fixed-prior LMMSE,baseline,5,C,92001,-8.41362889616,3.22121158563,3.67013049048,0.87768312162,0.925401866436,fixed_prior_lmmse_tdlc_snr5_seed92001,20260726T235427Z_mimo_ofdm_mixed_tdl_channel_estimation__fixed_prior_lmmse_tdlc_snr5_seed92001,a81ae8da9a87ec828b7a4c103bd2dba0e55faf902ac557c398fc4ea89aa2c62c,0a35bbb0d5035d22aeb3d8679e159166bed3d7c5f894d52df981f21bda13477c
learned_estimator,Learned dual-domain estimator,candidate,5,C,92001,-10.8475175683,3.33661548858,3.67013049048,0.909127208757,0.958059728146,learned_estimator_tdlc_snr5_seed92001,20260726T235428Z_mimo_ofdm_mixed_tdl_channel_estimation__learned_estimator_tdlc_snr5_seed92001,07bf5cde147e80e97f185dc4e516249af2a246c7de5dc074ff987b65c30f0e19,b1bb79c89adbd07eb0614bc527f2fb1b8a2d7550ee5b98557cb374293057e6c1
least_squares,Least squares,baseline,5,E,93001,-6.34359528005,1.40127281401,1.27825744192,1.09623677364,0.900072216988,least_squares_tdle_snr5_seed93001,20260726T235429Z_mimo_ofdm_mixed_tdl_channel_estimation__least_squares_tdle_snr5_seed93001,3eeb8b88d5ecc84c8629f1211ad9b69bd137c18fd73232c55f3ae48b57ce3677,bfb3dbbf28e740b60735dfe20386431349ee063311e31870a9ea83dc67afd415
fixed_prior_lmmse,Fixed-prior LMMSE,baseline,5,E,93001,-11.568314607,1.2549142258,1.27825744192,0.981738251352,0.964785933495,fixed_prior_lmmse_tdle_snr5_seed93001,20260726T235431Z_mimo_ofdm_mixed_tdl_channel_estimation__fixed_prior_lmmse_tdle_snr5_seed93001,62c1242e92164b59a87a7dd8863baec7f1326ba8b9999b91025f2b2f1f67299a,4bcafc1344408b01bed1c585f3958fbd9edb627ea6e8f3d6a80aad97cbc41937
learned_estimator,Learned dual-domain estimator,candidate,5,E,93001,-12.812139107,1.03647602697,1.27825744192,0.810850766819,0.973495006561,learned_estimator_tdle_snr5_seed93001,20260726T235432Z_mimo_ofdm_mixed_tdl_channel_estimation__learned_estimator_tdle_snr5_seed93001,2dc6385f6d35c161963f98c213bd8007b8054c2cf0dad650705fed55008e8a12,1fd2ed6764d0377c7169ee459bf85c0d1c3f0f414c5f1c544122e7c296340b53
least_squares,Least squares,baseline,10,A,91001,-11.2697614345,4.77873847011,5.75760238743,0.829987579647,0.964206635952,least_squares_tdla_snr10_seed91001,20260726T235434Z_mimo_ofdm_mixed_tdl_channel_estimation__least_squares_tdla_snr10_seed91001,2edd4ba742e0830faf211cf2c4eee9b7faaac2cb9d5a7bf9ea5e2e7170042c05,5ff24ac6c059fc5dad74c9246c4e0177514be8c32988de42792fc40ca1374b8f
fixed_prior_lmmse,Fixed-prior LMMSE,baseline,10,A,91001,-9.93304691296,5.00596580277,5.75760238743,0.869453196993,0.947925209999,fixed_prior_lmmse_tdla_snr10_seed91001,20260726T235436Z_mimo_ofdm_mixed_tdl_channel_estimation__fixed_prior_lmmse_tdla_snr10_seed91001,ed603321b127bef561553774a8a670dd62d40b72151102143e71b5b2690f6d0d,e45aff456b5c49538520976fac51eab421f3847d18264ef14bd41469aa2ad92c
learned_estimator,Learned dual-domain estimator,candidate,10,A,91001,-14.3695550393,5.14538649804,5.75760238743,0.893668258384,0.981565833092,learned_estimator_tdla_snr10_seed91001,20260726T235437Z_mimo_ofdm_mixed_tdl_channel_estimation__learned_estimator_tdla_snr10_seed91001,9f2e278b9377d67e27f24aaae333d8273432a6c8afe6da086a4de060289e63bd,f2a92dc8ab85d717cfb92ad70b207e50000d3266aef6e3dc4d8819dc4f76342b
least_squares,Least squares,baseline,10,C,92001,-11.3633482403,5.12855411281,6.14958674533,0.833967277022,0.965057611465,least_squares_tdlc_snr10_seed92001,20260726T235439Z_mimo_ofdm_mixed_tdl_channel_estimation__least_squares_tdlc_snr10_seed92001,a899ec86d33b5efc86ecfe3a5c9129860516358c1cfe8891cb61b13fac6fda6c,9129912a0365a2f1c6ef2627a8e97fed5164343aa6347466e4b8487aec8805d7
fixed_prior_lmmse,Fixed-prior LMMSE,baseline,10,C,92001,-9.80652642035,5.18427414114,6.14958674533,0.843028053077,0.946350157261,fixed_prior_lmmse_tdlc_snr10_seed92001,20260726T235440Z_mimo_ofdm_mixed_tdl_channel_estimation__fixed_prior_lmmse_tdlc_snr10_seed92001,ad67af6f5fd89be0a2ccca53a502ebea425607d93bf2395af4f43f9a33e54a85,1a180aa605a4e130c0731f347c97a08ab8a98413bb1e84fa89ad4db3260cf91c
learned_estimator,Learned dual-domain estimator,candidate,10,C,92001,-14.2079975415,5.51205524582,6.14958674533,0.896329375303,0.980873405933,learned_estimator_tdlc_snr10_seed92001,20260726T235442Z_mimo_ofdm_mixed_tdl_channel_estimation__learned_estimator_tdlc_snr10_seed92001,43cdc00d2128b247b18dc6d36c59f75d05d733494e370caed72b19f8844ec204,08013d44a066641e687a1ab678424d69ea3685d0f1f9ee9118b208582332ca74
least_squares,Least squares,baseline,10,E,93001,-11.2541027244,2.3666563575,2.71309705187,0.872308034785,0.964245200157,least_squares_tdle_snr10_seed93001,20260726T235443Z_mimo_ofdm_mixed_tdl_channel_estimation__least_squares_tdle_snr10_seed93001,6c097555b1fa7c10b61bdf9178101cd061dc742a11e44ef657d4e519663b0748,f2130338f80259b8937d607a3c00788de8505eee753e81516bf5212267f8fb82
fixed_prior_lmmse,Fixed-prior LMMSE,baseline,10,E,93001,-14.8493352237,2.40258461978,2.71309705187,0.885550562271,0.983542263508,fixed_prior_lmmse_tdle_snr10_seed93001,20260726T235445Z_mimo_ofdm_mixed_tdl_channel_estimation__fixed_prior_lmmse_tdle_snr10_seed93001,67f9143c0515062dd9e5177959c328d87a6df49e4bad4a5d2a11f071bf08f3e8,dd4043d39a28de87147a76b140e99a161fc49276999cfe750025eb03ffb8409e
learned_estimator,Learned dual-domain estimator,candidate,10,E,93001,-15.5593307103,2.28936195962,2.71309705187,0.843818675058,0.986011445522,learned_estimator_tdle_snr10_seed93001,20260726T235447Z_mimo_ofdm_mixed_tdl_channel_estimation__learned_estimator_tdle_snr10_seed93001,dd144fbd5ae825698600550cda01eabe8df4e84d9c954670b2533a987332dc4a,400b40d33efb80f6fc90c006c8a6ebaf30404a8d90c17691150f9ccb5844f54b
least_squares,Least squares,baseline,15,A,91001,-16.0937922371,7.38900061229,8.60411110495,0.858775592523,0.987789273262,least_squares_tdla_snr15_seed91001,20260726T235448Z_mimo_ofdm_mixed_tdl_channel_estimation__least_squares_tdla_snr15_seed91001,4c701924966797711bb798e1c440ba4ed8370e16dc73f1fc373cb9ebf744381e,dd1a6e54169131999d91da4ea95269c783432ad41a6a22501efba66233f958c4
fixed_prior_lmmse,Fixed-prior LMMSE,baseline,15,A,91001,-10.6668320918,7.27978139426,8.60411110495,0.846081751556,0.95619559288,fixed_prior_lmmse_tdla_snr15_seed91001,20260726T235450Z_mimo_ofdm_mixed_tdl_channel_estimation__fixed_prior_lmmse_tdla_snr15_seed91001,a19975e014c1643c634d46bded43e083fa335a0b2becf1df4f599cd30868e121,e812e3064d63d26b779b55d53c08dbdd4905307e1b15ee53b3cd31b96daa377a
learned_estimator,Learned dual-domain estimator,candidate,15,A,91001,-17.9860549587,7.72215704219,8.60411110495,0.897496202454,0.992032706738,learned_estimator_tdla_snr15_seed91001,20260726T235452Z_mimo_ofdm_mixed_tdl_channel_estimation__learned_estimator_tdla_snr15_seed91001,007e73250267917de24c21a03336c32e8fd2155d10f60ccbc907b1df2ea85ab7,12f3f5b77ad3ceeb39d4dbee347e7c45e0788d9976fed0376ccc7a99f949b3a4
least_squares,Least squares,baseline,15,C,92001,-16.1682269391,7.81186169613,9.06255725723,0.861993085881,0.988031804562,least_squares_tdlc_snr15_seed92001,20260726T235453Z_mimo_ofdm_mixed_tdl_channel_estimation__least_squares_tdlc_snr15_seed92001,ddcfab70fc2f7e4da9397293cbf429596663c21496a5dc42911842d416bdf402,d3870c5a74b8bdd024e672462d598d7375200d11849113b2b36082cc59aec2e9
fixed_prior_lmmse,Fixed-prior LMMSE,baseline,15,C,92001,-10.4845574971,7.24573670877,9.06255725723,0.799524516436,0.954255223274,fixed_prior_lmmse_tdlc_snr15_seed92001,20260726T235455Z_mimo_ofdm_mixed_tdl_channel_estimation__fixed_prior_lmmse_tdlc_snr15_seed92001,5b036d7dd5af45a4c4053a3c5bc9e5f0005542b5f36019e97d3059d3563a10d0,cedd34a0882c8a436fffebf486734acef260a428ad8efd7d187a00365ef40cb7
learned_estimator,Learned dual-domain estimator,candidate,15,C,92001,-17.6971858476,8.09112851322,9.06255725723,0.892808539969,0.991481423378,learned_estimator_tdlc_snr15_seed92001,20260726T235457Z_mimo_ofdm_mixed_tdl_channel_estimation__learned_estimator_tdlc_snr15_seed92001,c5b34baf9201b5043ae47f7d469c5261c37069a5e0be880e002119451b24f569,2be69d0aec78f632d94a905b0fa00917688216b764031d7ecb850dd91f7c90a3
least_squares,Least squares,baseline,15,E,93001,-15.9854983388,3.99719068106,4.85744402289,0.822899998893,0.987546265125,least_squares_tdle_snr15_seed93001,20260726T235459Z_mimo_ofdm_mixed_tdl_channel_estimation__least_squares_tdle_snr15_seed93001,965ae37f48e6822e640408d43db5ee856a4902d2a9a10ea9216135d2293fe6a2,6324a572f501b3124c9611aa7d6f7a4a2e2c8d0e87342522771e7aeb26942bc5
fixed_prior_lmmse,Fixed-prior LMMSE,baseline,15,E,93001,-17.5035181928,4.10394149621,4.85744402289,0.844876745232,0.991081535816,fixed_prior_lmmse_tdle_snr15_seed93001,20260726T235500Z_mimo_ofdm_mixed_tdl_channel_estimation__fixed_prior_lmmse_tdle_snr15_seed93001,babb39ddf63c1acacc4c05bdb7ebabb65854917c46bb96d3f39353687ce5c3e4,23be6930119e276aae2fbfea085d4c2a891f3bdf0a1b93e21295de8c19d9408c
learned_estimator,Learned dual-domain estimator,candidate,15,E,93001,-18.6372123611,4.15348515411,4.85744402289,0.855076277676,0.993144452572,learned_estimator_tdle_snr15_seed93001,20260726T235502Z_mimo_ofdm_mixed_tdl_channel_estimation__learned_estimator_tdle_snr15_seed93001,2330ec799019724fbff8c8c5c7ab1da940ef87dd2ed5d287d02aa0cb842c3c7b,5714b238d79cabf55a3d48ef0a7f600e96ae43de927e51e011e4a997b4ba9ec7
least_squares,Least squares,baseline,20,A,91001,-20.5805795936,10.3204002565,11.712007727,0.881181134534,0.995621860027,least_squares_tdla_snr20_seed91001,20260726T235504Z_mimo_ofdm_mixed_tdl_channel_estimation__least_squares_tdla_snr20_seed91001,ff10767619a501dfc9363cd53e9d91871d2629651a1467290f94b3eccbc09e52,795576f5c535fcc7e80116b7ff5338e22809582d0754f867d4e574d3481e08de
fixed_prior_lmmse,Fixed-prior LMMSE,baseline,20,A,91001,-10.9450058716,9.42130975841,11.712007727,0.804414578442,0.958967089653,fixed_prior_lmmse_tdla_snr20_seed91001,20260726T235506Z_mimo_ofdm_mixed_tdl_channel_estimation__fixed_prior_lmmse_tdla_snr20_seed91001,ef9a4556b39c6a5a3ae965fab04b89ca2fdafd4cc1747acbe611df0a680f4a8f,441a6ea0f05f1d639ff99271136fc0b047964ab602d34668fa874f9fce2acbed
learned_estimator,Learned dual-domain estimator,candidate,20,A,91001,-20.9811044325,10.4354386891,11.712007727,0.891003398596,0.996035456657,learned_estimator_tdla_snr20_seed91001,20260726T235508Z_mimo_ofdm_mixed_tdl_channel_estimation__learned_estimator_tdla_snr20_seed91001,70b98d63bc8e673397affd62704f712191350039584dec8a4c4b7a9298eed918,2e91e7f8c2c4102497c23c6ff82c268cb583cddd9f1a95a1de1b33c9b339b584
least_squares,Least squares,baseline,20,C,92001,-20.6084933569,10.7490766671,12.2049321596,0.88071580625,0.995657682419,least_squares_tdlc_snr20_seed92001,20260726T235509Z_mimo_ofdm_mixed_tdl_channel_estimation__least_squares_tdlc_snr20_seed92001,447e753db45a2eef028e57b24c3e996e7ad985aa1c3e4f232103c54702219278,2c1826eba7d036c929818b5f963cbfa4d945f50d47b998c28949c4f416636297
fixed_prior_lmmse,Fixed-prior LMMSE,baseline,20,C,92001,-10.7400381818,8.9999376147,12.2049321596,0.73740169114,0.956916213036,fixed_prior_lmmse_tdlc_snr20_seed92001,20260726T235511Z_mimo_ofdm_mixed_tdl_channel_estimation__fixed_prior_lmmse_tdlc_snr20_seed92001,f28a16ae0034fa3a0a0dc7eccaeda3b90b6cd2750417ccd994922ff002b960a3,cc14d32c5e7fe767d2dca284908e68f006541caea0a92ce03343db5d387e503e
learned_estimator,Learned dual-domain estimator,candidate,20,C,92001,-20.6658497797,10.772666563,12.2049321596,0.882648622886,0.995724976063,learned_estimator_tdlc_snr20_seed92001,20260726T235513Z_mimo_ofdm_mixed_tdl_channel_estimation__learned_estimator_tdlc_snr20_seed92001,161488262b4ba1e460180f53704884bc01e2bae2fe50d8263d20facd1cac03ec,7cb57e67a0d308fcc699d30f0b8cdddc88df198917a8cb021ff6ae417f32897b
least_squares,Least squares,baseline,20,E,93001,-20.2355278325,6.20408531236,7.55009757336,0.821722534322,0.995270192623,least_squares_tdle_snr20_seed93001,20260726T235515Z_mimo_ofdm_mixed_tdl_channel_estimation__least_squares_tdle_snr20_seed93001,7e09e40e4d7d4dc2da4e8c0ecef1f5c661a72b68bc852cf4636062069c135052,35ca403c944dc9f0c58c41ecc145cce8d00c6eb52ad7e3c1f7474897cf8ba34b
fixed_prior_lmmse,Fixed-prior LMMSE,baseline,20,E,93001,-19.0268466603,6.08442861361,7.55009757336,0.80587416977,0.993725001812,fixed_prior_lmmse_tdle_snr20_seed93001,20260726T235517Z_mimo_ofdm_mixed_tdl_channel_estimation__fixed_prior_lmmse_tdle_snr20_seed93001,7bc4c6573a8178eb53f4bdf5026f47b301aea3189cfff3195cd553813aacbce7,85768d2a9c8efea1e0f6367763369ecccb7a911aa512939dc8aff0e44665f612
learned_estimator,Learned dual-domain estimator,candidate,20,E,93001,-21.2763923873,6.39283780215,7.55009757336,0.846722541005,0.996282756329,learned_estimator_tdle_snr20_seed93001,20260726T235519Z_mimo_ofdm_mixed_tdl_channel_estimation__learned_estimator_tdle_snr20_seed93001,f66a9d5cf69ac9a2570fd5c39bf3472aaef5c7ca223507464ff158d09f44e937,35867666f38804938d0707f91a248f361ac9a581e06226796c5e623b9a5aa4bf
