method_id,method_label,role,snr_db,paired_seed,aoa.rmse_deg,aoa.mae_deg,task.score,recipe_id,run_id,recipe_sha256,semantic_recipe_sha256
bartlett,Bartlett reference,baseline,0,81001,0.312884078637,0.219606518745,0.761681869916,bartlett_snr0_seed81001,20260823T133322Z_ula_angle_of_arrival_estimation__bartlett_snr0_seed81001,7d4fefe93570e1c5e8236f565e15f6832ad2ee37e413e4079eb6ca90677c5979,511b52f6247dc2a950c889bf59834929ad7429d97d0d3735b705f92e8fdfe135
bartlett,Bartlett reference,baseline,0,82001,0.286563315528,0.248623232047,0.777264506092,bartlett_snr0_seed82001,20260823T133323Z_ula_angle_of_arrival_estimation__bartlett_snr0_seed82001,5f9a53702d44ef3fac6de4f9a0140e49bb7e18d0e7baf171aa5d2b6c6b219028,907d390a72f7753855085f90e6ea62d8f782ca7f41ee682e9c2d314e04f1b122
bartlett,Bartlett reference,baseline,0,83001,0.467381099708,0.318602606654,0.681486220723,bartlett_snr0_seed83001,20260823T133324Z_ula_angle_of_arrival_estimation__bartlett_snr0_seed83001,a266d7efbba6252bbed53167c5182da8ab67f846224505c142f92b976c1c82bf,fa3d07f560051494526c0c9425e3a32a2034aee39ae68564675294046458edf7
music,MUSIC,baseline,0,81001,0.338455624351,0.230023185412,0.74712973804,music_snr0_seed81001,20260823T133323Z_ula_angle_of_arrival_estimation__music_snr0_seed81001,22e75eed0a040638256520009bd48eed8d60626c7611f0f94527fbf6b5d7eb62,d102766976eb1752fba2b8ce8171cdc9fef7096fdd240c52d76589bcd9bc3168
music,MUSIC,baseline,0,82001,0.286020480826,0.24737995863,0.777592592738,music_snr0_seed82001,20260823T133324Z_ula_angle_of_arrival_estimation__music_snr0_seed82001,5a888e8ccb503f09909ad963b10143c1966623cff87e1e844a7c8c6f2e947a03,186b1be6ed66e7d6e733840636b4c25d15188b3710f467a804edff4bcc6fee8f
music,MUSIC,baseline,0,83001,0.467381099708,0.318602606654,0.681486220723,music_snr0_seed83001,20260823T133325Z_ula_angle_of_arrival_estimation__music_snr0_seed83001,d19a7fc9c9ac262907da589a2e95b8bc15b97b40f7d8c4d6af57f926f4cd53b9,f7824244e2931a20eb88aef760d5670c48a2352fd8d67f3ee34a9bd2c2418516
learned_estimator,Learned Bartlett-residual estimator,candidate,0,81001,0.276139418469,0.199798976382,0.783613440293,learned_estimator_snr0_seed81001,20260823T133323Z_ula_angle_of_arrival_estimation__learned_estimator_snr0_seed81001,58ebb7c9e81fc62ef73424314aea150ddb98aeebde37883e7a067759bb349357,445f881a2a83ada56a65b60b3b517dfd037a50441f4df87966b6ffcc713a0d9c
learned_estimator,Learned Bartlett-residual estimator,candidate,0,82001,0.288287795928,0.249130229155,0.776224072882,learned_estimator_snr0_seed82001,20260823T133324Z_ula_angle_of_arrival_estimation__learned_estimator_snr0_seed82001,c73d19aaea3704142ab56ff1e8dd27955b1dfc7557565fcd2436cd5eb1ab9f48,534ddf6b5ba47f8be086f56af1ba094b4c7d56b833b9d39be0b8cb5b8d65b567
learned_estimator,Learned Bartlett-residual estimator,candidate,0,83001,0.470593472111,0.330160657565,0.679997578505,learned_estimator_snr0_seed83001,20260823T133325Z_ula_angle_of_arrival_estimation__learned_estimator_snr0_seed83001,3222625fab1a6fbb57b7ca11599dabc4700c75d184dbd51603a4a28c8b42b43a,becd47a8e89c86c93b90666b5b2cd4f9a99dc3f275aad3c72d80e950238cbb14
bartlett,Bartlett reference,baseline,15,81001,0.0944411438381,0.082822839419,0.913708339302,bartlett_snr15_seed81001,20260823T133325Z_ula_angle_of_arrival_estimation__bartlett_snr15_seed81001,4bf834f177282676edcfc6e9398dc0405a46530327b837711bd356c08699590e,a10650d3ea8584828f374571d933c7fdf6b7b0e0ae08d5b01bbab13b4b96a078
bartlett,Bartlett reference,baseline,15,82001,0.0900163665001,0.0695641636848,0.917417417512,bartlett_snr15_seed82001,20260823T133326Z_ula_angle_of_arrival_estimation__bartlett_snr15_seed82001,372155863c717fcfa9877ffbf0f320e0d3cae0f6c7fb629b1121a847d704f8d4,9149464e142327ce273a49f8a17b8843eceefa242779e05514d342c367b3aabf
bartlett,Bartlett reference,baseline,15,83001,0.0957261008575,0.0810790409644,0.912636834349,bartlett_snr15_seed83001,20260823T133327Z_ula_angle_of_arrival_estimation__bartlett_snr15_seed83001,a0695d371a01a3e75bf316bf082c59b8d59e0fb67cdc2b750b833602bfe5d77c,7e04bb6b01a04e8a644e84ab61d6cc6759cf180efa58479b416133d488eabb52
music,MUSIC,baseline,15,81001,0.0944411438381,0.082822839419,0.913708339302,music_snr15_seed81001,20260823T133326Z_ula_angle_of_arrival_estimation__music_snr15_seed81001,fab18ee9b7000cd1a0efb2ee081b62bdbc2075f05b115dff915c06b62d2f94ec,d1be0c9bb9ee8d9b0bc058870ca2fa29b8c9510dfacc05ebc993c549b6fa186b
music,MUSIC,baseline,15,82001,0.0900163665001,0.0695641636848,0.917417417512,music_snr15_seed82001,20260823T133327Z_ula_angle_of_arrival_estimation__music_snr15_seed82001,686ce0802021ae05685273a20074f1d099065ee57f0304bd190a0af86a763f20,12abf7d8ff2100be3b6e666bd25eb420b53da47489789fd3b564ce3d50bb9be5
music,MUSIC,baseline,15,83001,0.0957261008575,0.0810790409644,0.912636834349,music_snr15_seed83001,20260823T133327Z_ula_angle_of_arrival_estimation__music_snr15_seed83001,9db7e2153bcb41c86ca42517e583f32b024be833ddc74c117b5a29de3a2a92dd,2b4e55fe94f226fc43876296510f1aac2bd7f6cf0bc6f838127ff1336dcd973b
learned_estimator,Learned Bartlett-residual estimator,candidate,15,81001,0.0951346153105,0.0833181043466,0.913129752288,learned_estimator_snr15_seed81001,20260823T133326Z_ula_angle_of_arrival_estimation__learned_estimator_snr15_seed81001,e56d68e7c4251cdf1d53049b5f5ec7ea900af508f5e1b3e64687cf4e64716e32,4b3a5ee1893925744a5b934d797b92b04875ea670de9534ff59a6c466cc66baf
learned_estimator,Learned Bartlett-residual estimator,candidate,15,82001,0.0868943571834,0.0684209863345,0.920052619089,learned_estimator_snr15_seed82001,20260823T133327Z_ula_angle_of_arrival_estimation__learned_estimator_snr15_seed82001,cd14bd29207a896f4a1120e4a14adb0ee573b7464eedf4afd06258817ebeb0f8,d46b7d4ec7dfaebdff1f35caa0e097c5a7b224d289d043aa205a10f09b3e3288
learned_estimator,Learned Bartlett-residual estimator,candidate,15,83001,0.0983161452626,0.0819192330043,0.910484658095,learned_estimator_snr15_seed83001,20260823T133328Z_ula_angle_of_arrival_estimation__learned_estimator_snr15_seed83001,71770901322226af8058e967f53039da885f6671597c28dbf7ec8217874a0bf5,4bb4f103af8cfc87ba32670ebc57a03bd062f6fab017127f4c8d17a7a98f886c
