sweep,method_id,method_label,role,snr_db,symbol_channels,uses_per_pixel,channel_seed,psnr_db,ms_ssim,mse,outage_rate,gain_power_min,gain_power_max,recipe_id,run_id,recipe_sha256,semantic_recipe_sha256
rate_sweep,digital,JPEG + ideal separation,baseline,10,8,0.125,81001,26.9597350966,0.907811492682,146.689617157,0,1.5593194777,2.74952680326,digital_10_c8_seed81001_rate_sweep,20260728T002846Z_jpeg_capacity_matched_kodak_slow_rayleigh__digital_10_c8_seed81001_rate_sweep,9ecd1dbf68142618cd86e44de371941e4eb7ec1e396d6da858079e1b4f22f456,685d9566d449a019558d43f2cd51ff64913c9620513c763267e78b3e210712a2
rate_sweep,learned,Blind DeepJSCC,candidate,10,8,0.125,81001,20.5853145174,0.77542540431,588.663139343,,1.55931961536,2.74952697754,learned_10_c8_seed81001_rate_sweep,20260728T002849Z_deepjscc_kodak_slow_rayleigh_train__learned_10_c8_seed81001_rate_sweep,855470d7e6750c42d8ff92689c5d8237b6ce504c979cd4929cd34b8b06d76a80,055b0d6974b3ebb0e632c2ba7bbfb6e48b48ba47cfe5e02cc74ec9277d404d49
rate_sweep,digital,JPEG + ideal separation,baseline,10,8,0.125,82001,20.1600295927,0.578066647053,1163.38241704,0.5,0.277267735448,1.66615353016,digital_10_c8_seed82001_rate_sweep,20260728T002853Z_jpeg_capacity_matched_kodak_slow_rayleigh__digital_10_c8_seed82001_rate_sweep,cdce1fa7f5ba82dba4db9f4a16bb07453372727e0699075fe5356b61bacaafc2,1fcd41f7fa7951551bd97813088378e4840d78abf5022d38641f68d8fd19f1c7
rate_sweep,learned,Blind DeepJSCC,candidate,10,8,0.125,82001,20.6231316527,0.764858931303,583.066661835,,0.277267694473,1.66615355015,learned_10_c8_seed82001_rate_sweep,20260728T002856Z_deepjscc_kodak_slow_rayleigh_train__learned_10_c8_seed82001_rate_sweep,d479495a87f8ce9be9dd848a300e94f99f23cf4c43d9ce263a0afecfdf6e8a25,bc31de74d4accc853d783599417f5c46973e325eb68c42cc996ff946a34c58ca
rate_sweep,digital,JPEG + ideal separation,baseline,10,8,0.125,83001,19.1346373619,0.434400510043,1480.73333867,0.75,0.0182989250191,2.04024932957,digital_10_c8_seed83001_rate_sweep,20260728T002859Z_jpeg_capacity_matched_kodak_slow_rayleigh__digital_10_c8_seed83001_rate_sweep,44a4a379f5f72437e44020f68dc560e8aa7ccc07aee741a6e310f9243f9014a2,db34aa1cca64389f75804233b74c358b69d27ae8a49eeab335c88879669d0c46
rate_sweep,learned,Blind DeepJSCC,candidate,10,8,0.125,83001,19.2177596913,0.627929411829,801.736314138,,0.0182989239693,2.04024934769,learned_10_c8_seed83001_rate_sweep,20260728T002902Z_deepjscc_kodak_slow_rayleigh_train__learned_10_c8_seed83001_rate_sweep,1997630868ae19c0edd0e9526e48461f0d40058f81366dddd09ffc35673574e2,9eb289ec3867038023cf9c1e43b24eecfb2e84fba797ee09489f322fb056caf0
rate_sweep,digital,JPEG + ideal separation,baseline,10,16,0.25,81001,14.8950401831,0.271421987563,2219.59622701,1,0.0393900664642,0.456255627484,digital_10_c16_seed81001_rate_sweep,20260728T002906Z_jpeg_capacity_matched_kodak_slow_rayleigh__digital_10_c16_seed81001_rate_sweep,e2df38916f468e0e060fb22b2c079f71f00fe9ced8b4d93779f3e37d79d555c4,fcc405de7c4c44049c0e7e6fb615ace993329a46d40894687950ba04837f2ff6
rate_sweep,learned,Blind DeepJSCC,candidate,10,16,0.25,81001,20.4522259816,0.734931603074,622.53967158,,0.0393900685012,0.456255614758,learned_10_c16_seed81001_rate_sweep,20260728T002909Z_deepjscc_kodak_slow_rayleigh_train__learned_10_c16_seed81001_rate_sweep,cccef95ecbaf1a3f8ce5722d6b0e7ec5830b58ef2a2033d0e466737b06ac021b,ebcfdce384cd26bbd6ca7c41738a0a061d737ee0e5e38dfd008e297badf90ebc
rate_sweep,digital,JPEG + ideal separation,baseline,10,16,0.25,82001,14.8950401831,0.271421987563,2219.59622701,1,0.0245650774383,0.426626529183,digital_10_c16_seed82001_rate_sweep,20260728T002912Z_jpeg_capacity_matched_kodak_slow_rayleigh__digital_10_c16_seed82001_rate_sweep,9c05849e240a3522e65e8c8419ef8f4d002226af5570c86188286907422110a1,7fe065709596beeb05a0dd1ec90bfbb8017693783b999c2e3e3e100a7fe498be
rate_sweep,learned,Blind DeepJSCC,candidate,10,16,0.25,82001,19.987740158,0.685824021697,664.371863047,,0.0245650764555,0.42662653327,learned_10_c16_seed82001_rate_sweep,20260728T002916Z_deepjscc_kodak_slow_rayleigh_train__learned_10_c16_seed82001_rate_sweep,2447d1bd379f7d2ae9a59724903f864a2ad283d164fae2c64c1b64248d5f9999,ce5623cf58e7653244553df60a1726852db3dde363144218eb2457cbeafd7026
rate_sweep,digital,JPEG + ideal separation,baseline,10,16,0.25,83001,27.5830972999,0.804016187787,561.63511912,0.25,0.222140718489,4.72132372691,digital_10_c16_seed83001_rate_sweep,20260728T002919Z_jpeg_capacity_matched_kodak_slow_rayleigh__digital_10_c16_seed83001_rate_sweep,0ec3252912d7fe28a00103149bf21797e80c091b593e54e7809ec6a9e7ebc0e3,735014c8083edc746193476534d7ef21009cb93e268137e9d3e5fae70745bd7b
rate_sweep,learned,Blind DeepJSCC,candidate,10,16,0.25,83001,20.9947055886,0.800928860903,542.977486928,,0.222140714526,4.72132349014,learned_10_c16_seed83001_rate_sweep,20260728T002922Z_deepjscc_kodak_slow_rayleigh_train__learned_10_c16_seed83001_rate_sweep,bdbad69763147e13099e4662c0ecb9b6eafe4933cca58425db6dac49c4fbc8c2,1b3e65e040e1a0209c3bd6ee2542f74df84d845b2577259d63290454d680c824
rate_sweep,digital,JPEG + ideal separation,baseline,10,32,0.5,81001,19.4733228881,0.455383431166,1917.25778198,0.75,0.0387484100694,3.15739899697,digital_10_c32_seed81001_rate_sweep,20260728T002926Z_jpeg_capacity_matched_kodak_slow_rayleigh__digital_10_c32_seed81001_rate_sweep,9a529ae27b97a317aef6633e0aa66f9f2b63a7ca21075c9f2d805503c86ee9e2,f39c29dada6bbc8a0e98758166f8d5c276883fc41bd8d25df6d75857d0376fb6
rate_sweep,learned,Blind DeepJSCC,candidate,10,32,0.5,81001,21.0373260235,0.788364320993,547.353425344,,0.0387484095991,3.15739870071,learned_10_c32_seed81001_rate_sweep,20260728T002929Z_deepjscc_kodak_slow_rayleigh_train__learned_10_c32_seed81001_rate_sweep,fe3da11cd16a22c9155a0621e69c15a7f8a191755f390491b92f83d5e1c568e3,d0d8758535723d28332ea39e582c7ca610bd73afddd3b6618d6cf08fdce1b690
rate_sweep,digital,JPEG + ideal separation,baseline,10,32,0.5,82001,19.3043231482,0.444965336472,1705.75295893,0.75,0.173310044052,1.1614226984,digital_10_c32_seed82001_rate_sweep,20260728T002933Z_jpeg_capacity_matched_kodak_slow_rayleigh__digital_10_c32_seed82001_rate_sweep,987fbea29a9bdb184ccc9af1cdc64c5830da6e0e1fe3e251ad6784fef3df2ce4,73acfcbef29c7c7b29c9a724bb2c6bdcabb2e40e3348e85adfd33dfdee373f9f
rate_sweep,learned,Blind DeepJSCC,candidate,10,32,0.5,82001,21.020321181,0.807458728552,539.999491374,,0.173310026526,1.16142272949,learned_10_c32_seed82001_rate_sweep,20260728T002936Z_deepjscc_kodak_slow_rayleigh_train__learned_10_c32_seed82001_rate_sweep,bdd3ac62937c352cc82b1d3b80859a84b60b98e8de7a6dfe91687b4549eafcea,38cc96582d81447494a7724efbd28e08b74718a783dcebf8f56115ab4c7a5dde
rate_sweep,digital,JPEG + ideal separation,baseline,10,32,0.5,83001,21.2516777979,0.446790557355,1467.70461273,0.75,0.127895941853,1.86137662191,digital_10_c32_seed83001_rate_sweep,20260728T002940Z_jpeg_capacity_matched_kodak_slow_rayleigh__digital_10_c32_seed83001_rate_sweep,42174e56847cc9009ea447076d9db4c528bc98d7665b8e2e63cd85e0f851290c,f27aa61035f5f1f04a5ec25833902b1d0956f53c5e93a1e2e1ae3a4039dee2d5
rate_sweep,learned,Blind DeepJSCC,candidate,10,32,0.5,83001,21.0715011913,0.802263125777,533.951859792,,0.127895951271,1.86137628555,learned_10_c32_seed83001_rate_sweep,20260728T002943Z_deepjscc_kodak_slow_rayleigh_train__learned_10_c32_seed83001_rate_sweep,3e2a284197d5a7538e7d88863e702a0a3e9049ef5e417094dfb70242c1c52104,1fa148da277c674d4f44e71e371f41d95d5af058fd84d03866461b7bfa498973
snr_sweep,digital,JPEG + ideal separation,baseline,0,32,0.5,81001,17.646057527,0.441956397146,1937.08485158,0.75,0.0387484100694,3.15739899697,digital_0_c32_seed81001_snr_sweep,20260728T002720Z_jpeg_capacity_matched_kodak_slow_rayleigh__digital_0_c32_seed81001_snr_sweep,d2e0f4ce3b2e142b6d2895cfa63784e13927a78f93c7ce6650a8c02b5ce07d02,ca5333784a987037b237b0f1b65b096cf288114ca3f6f13f32fa769c81a19efd
snr_sweep,learned,Blind DeepJSCC,candidate,0,32,0.5,81001,19.6814135749,0.661816045642,885.405156453,,0.0387484095991,3.15739870071,learned_0_c32_seed81001_snr_sweep,20260728T002722Z_deepjscc_kodak_slow_rayleigh_train__learned_0_c32_seed81001_snr_sweep,40658507a72338d3eb460c84685c84d87cd7c0bdf21f8f767276cd74100d31d8,fa650abccbe276b81a325c06785b5103f6985e4be5a3505f268530f912124918
snr_sweep,digital,JPEG + ideal separation,baseline,0,32,0.5,82001,17.7272160801,0.423391509801,1735.2484169,0.75,0.173310044052,1.1614226984,digital_0_c32_seed82001_snr_sweep,20260728T002725Z_jpeg_capacity_matched_kodak_slow_rayleigh__digital_0_c32_seed82001_snr_sweep,d6b5ef73af6a284abfe021ca00a65755d53f5f49b082ee2acfb0d0c716d8588d,9fc062aebf9c322777baa94426c934da687aa7e4e75e8cb9f2884a8e15563fb7
snr_sweep,learned,Blind DeepJSCC,candidate,0,32,0.5,82001,20.2342391736,0.707409575582,639.563569387,,0.173310026526,1.16142272949,learned_0_c32_seed82001_snr_sweep,20260728T002728Z_deepjscc_kodak_slow_rayleigh_train__learned_0_c32_seed82001_snr_sweep,d32b7864778a42b21f2ff949cfc59f92de9ca81d5897aa37b72ac8ffaaeb4583,64518c24b737800b12aab11bb30b3bda1e8a75db57edbd057059b3a04cfd2d75
snr_sweep,digital,JPEG + ideal separation,baseline,0,32,0.5,83001,19.4922396047,0.438880663365,1476.47068787,0.75,0.127895941853,1.86137662191,digital_0_c32_seed83001_snr_sweep,20260728T002731Z_jpeg_capacity_matched_kodak_slow_rayleigh__digital_0_c32_seed83001_snr_sweep,88c89ffc9f91624b821a2f0defc8ac1f64a7f182962e5ae43b9940b57922e913,d796f2c2ae1ed4520f9037be256ff98b8438d6084058a09bc0a504bc72db8224
snr_sweep,learned,Blind DeepJSCC,candidate,0,32,0.5,83001,20.1207599225,0.68743160367,676.597419739,,0.127895951271,1.86137628555,learned_0_c32_seed83001_snr_sweep,20260728T002733Z_deepjscc_kodak_slow_rayleigh_train__learned_0_c32_seed83001_snr_sweep,984ab123795c0f9156a0de2f1d2c8df00f78f011b33fdd3c18e26ed400fa374a,8ded0eefd7ae18199d6ad593a369520bd184c649986121bce61b558694c77b92
snr_sweep,digital,JPEG + ideal separation,baseline,5,32,0.5,81001,18.7285763418,0.453000318259,1921.71790441,0.75,0.0387484100694,3.15739899697,digital_5_c32_seed81001_snr_sweep,20260728T002736Z_jpeg_capacity_matched_kodak_slow_rayleigh__digital_5_c32_seed81001_snr_sweep,ad6efbf72e68bbfe57737cf51f6d8e9ec61632e45ce85b1a84d41ab697956efe,5c0f41dfbf24ac3457b48d30ea62affa5b5e710c45a2be4c3c98d7217a1442a8
snr_sweep,learned,Blind DeepJSCC,candidate,5,32,0.5,81001,20.6134282606,0.740404620767,631.090990702,,0.0387484095991,3.15739870071,learned_5_c32_seed81001_snr_sweep,20260728T002738Z_deepjscc_kodak_slow_rayleigh_train__learned_5_c32_seed81001_snr_sweep,4463fdb3498cbe2649b64ea3494192d1140ffbb0cce9f2c371401de92e00d222,e00d47b295132290e7dea2d6e2982335eb630fd862c885b814e812afac6e361a
snr_sweep,digital,JPEG + ideal separation,baseline,5,32,0.5,82001,18.6232881146,0.440238598734,1713.6128095,0.75,0.173310044052,1.1614226984,digital_5_c32_seed82001_snr_sweep,20260728T002742Z_jpeg_capacity_matched_kodak_slow_rayleigh__digital_5_c32_seed82001_snr_sweep,9f0143a89f7c84885a7d2f10a43b58f1de3af538abfc34d45b1601bbaf4ce6a7,247b69557d76ffbabad77a3aa7dbb7f040798be37975f35e67b77d285db1c61d
snr_sweep,learned,Blind DeepJSCC,candidate,5,32,0.5,82001,20.8004441908,0.775395840406,565.722731272,,0.173310026526,1.16142272949,learned_5_c32_seed82001_snr_sweep,20260728T002744Z_deepjscc_kodak_slow_rayleigh_train__learned_5_c32_seed82001_snr_sweep,432a529f07f97e2d5bdb9a99c64666c275c2beb780c2820d17bd26745dd3f112,d9b71066546bb50515a7b68ef4c84d27df6bf924c5d459420c90215d8b9beb15
snr_sweep,digital,JPEG + ideal separation,baseline,5,32,0.5,83001,20.6178418303,0.445576902479,1469.41823959,0.75,0.127895941853,1.86137662191,digital_5_c32_seed83001_snr_sweep,20260728T002747Z_jpeg_capacity_matched_kodak_slow_rayleigh__digital_5_c32_seed83001_snr_sweep,24bf86242e7583a7abd06c7e4fca08b0094ac656934555eef928e108c59d06f0,1bbba7e997a24c955974f6e7397c0e9ea66430742421585951cc30681c569623
snr_sweep,learned,Blind DeepJSCC,candidate,5,32,0.5,83001,20.8289814004,0.762683913112,564.843435923,,0.127895951271,1.86137628555,learned_5_c32_seed83001_snr_sweep,20260728T002749Z_deepjscc_kodak_slow_rayleigh_train__learned_5_c32_seed83001_snr_sweep,1d53d70dfba4af7bcf7392e4b5953e8d91140a3081ee9d1974eaae1eda8e7b1d,4af0691aac9d7d67719a3ca1e96cc4789f16e44544bf09a0893cf7c82927847c
snr_sweep,digital,JPEG + ideal separation,baseline,10,32,0.5,81001,19.4733228881,0.455383431166,1917.25778198,0.75,0.0387484100694,3.15739899697,digital_10_c32_seed81001_snr_sweep,20260728T002752Z_jpeg_capacity_matched_kodak_slow_rayleigh__digital_10_c32_seed81001_snr_sweep,2dd661518d9323cb633b2b2b1d91bedc33212b93a635b5b2f03588d2108e52d4,4cea963950db1b25a6232459df3ff6ae1a64c14034822f01d226d778c48aec98
snr_sweep,learned,Blind DeepJSCC,candidate,10,32,0.5,81001,21.0373260235,0.788364320993,547.353425344,,0.0387484095991,3.15739870071,learned_10_c32_seed81001_snr_sweep,20260728T002755Z_deepjscc_kodak_slow_rayleigh_train__learned_10_c32_seed81001_snr_sweep,1ad5ca7ba04d759a17c27ffa9ea398e7b22f39bd1d763f9501ddf6136fd30bc9,33de740bb1ea3e2e4016c9896f01ef700a0ab2406133b678bc93cb160149a71a
snr_sweep,digital,JPEG + ideal separation,baseline,10,32,0.5,82001,19.3043231482,0.444965336472,1705.75295893,0.75,0.173310044052,1.1614226984,digital_10_c32_seed82001_snr_sweep,20260728T002758Z_jpeg_capacity_matched_kodak_slow_rayleigh__digital_10_c32_seed82001_snr_sweep,e7d0e89a8441e668a921612231db172f8cde2b9a10a796a6ae928398006c0e92,84b5a2a30e350fb478dc6094fac697d69ca0358653ff0ed2674160e9a5f9e80e
snr_sweep,learned,Blind DeepJSCC,candidate,10,32,0.5,82001,21.020321181,0.807458728552,539.999491374,,0.173310026526,1.16142272949,learned_10_c32_seed82001_snr_sweep,20260728T002800Z_deepjscc_kodak_slow_rayleigh_train__learned_10_c32_seed82001_snr_sweep,492e4c011ce6ca5ab7abe7184e99af81b17d6d28a5275e92f4539e11030c9b55,3b9a65288a984b07fc2cf54f9ffc595bb7cc31d564a8cc10c70b62746d1cf6d7
snr_sweep,digital,JPEG + ideal separation,baseline,10,32,0.5,83001,21.2516777979,0.446790557355,1467.70461273,0.75,0.127895941853,1.86137662191,digital_10_c32_seed83001_snr_sweep,20260728T002804Z_jpeg_capacity_matched_kodak_slow_rayleigh__digital_10_c32_seed83001_snr_sweep,29d63845e52e70661c9962f4b2ade063c0a6c48a6f3c8261c18081d877b4f687,227aecd8f81e0c59b024b643f8d36678db1419b30f14f5f492d0a4f29808f4e8
snr_sweep,learned,Blind DeepJSCC,candidate,10,32,0.5,83001,21.0715011913,0.802263125777,533.951859792,,0.127895951271,1.86137628555,learned_10_c32_seed83001_snr_sweep,20260728T002806Z_deepjscc_kodak_slow_rayleigh_train__learned_10_c32_seed83001_snr_sweep,0d416f4daa7b3dba55784b3b817a708e267110184db45a6159cf0299dfcc24c1,2827bba3c9c68e241298ba0033a9cd14ac35a84db825df284aea88fab6661392
snr_sweep,digital,JPEG + ideal separation,baseline,15,32,0.5,81001,20.0209735654,0.456289317459,1915.46521378,0.75,0.0387484100694,3.15739899697,digital_15_c32_seed81001_snr_sweep,20260728T002809Z_jpeg_capacity_matched_kodak_slow_rayleigh__digital_15_c32_seed81001_snr_sweep,1230983343e52e71a6f4796d1995c4d6aaffddeab784761b9e027d0975a5cb86,83ac5aa1edf0f4896bb50f9a1a95df58b7a51e57fda6abc744431e7848e87fc6
snr_sweep,learned,Blind DeepJSCC,candidate,15,32,0.5,81001,21.1345915689,0.812428206205,530.610205332,,0.0387484095991,3.15739870071,learned_15_c32_seed81001_snr_sweep,20260728T002812Z_deepjscc_kodak_slow_rayleigh_train__learned_15_c32_seed81001_snr_sweep,b84fec4292de80a394bf7022acf03e7f09be5898e7d379f27d9ffdf35e8a07b8,cb40a68d7e1bafda8afecfaca810c251c78c785223f200a06f1c3367eca5cbbb
snr_sweep,digital,JPEG + ideal separation,baseline,15,32,0.5,82001,19.848218701,0.446612466127,1702.20311483,0.75,0.173310044052,1.1614226984,digital_15_c32_seed82001_snr_sweep,20260728T002815Z_jpeg_capacity_matched_kodak_slow_rayleigh__digital_15_c32_seed82001_snr_sweep,f6daba07633beff8f38427447f69653b477b2e94bf43cf2815083700088442a6,2825e599f7c6e0bb5178eac37c292481062da624b215001757fa6447a41253c1
snr_sweep,learned,Blind DeepJSCC,candidate,15,32,0.5,82001,21.0700543768,0.820435553789,534.215609233,,0.173310026526,1.16142272949,learned_15_c32_seed82001_snr_sweep,20260728T002818Z_deepjscc_kodak_slow_rayleigh_train__learned_15_c32_seed82001_snr_sweep,7a015a1e50dbed1d146feec5529f9f30ae4386248ebc2687b555ef072aface0e,6114ec4a3da15127719e8875f5c7b12abc6007793c8352357f6e2602db5f85da
snr_sweep,digital,JPEG + ideal separation,baseline,15,32,0.5,83001,21.6576100804,0.447201129049,1467.03037008,0.75,0.127895941853,1.86137662191,digital_15_c32_seed83001_snr_sweep,20260728T002821Z_jpeg_capacity_matched_kodak_slow_rayleigh__digital_15_c32_seed83001_snr_sweep,e12ccda308a8ecca953c739cece9d68bc24a9bfecdeca496e6335ae148e82472,0d9d920179d0d7457025c70066687e04c88ae03975ebea81c7d1b0de9630f90a
snr_sweep,learned,Blind DeepJSCC,candidate,15,32,0.5,83001,21.0767954578,0.816729366779,532.001598358,,0.127895951271,1.86137628555,learned_15_c32_seed83001_snr_sweep,20260728T002824Z_deepjscc_kodak_slow_rayleigh_train__learned_15_c32_seed83001_snr_sweep,68037cf1f1104af51c3c524a960b6645ed7e15a20c34ee610b8a66cfa1425761,cde091b289a44ac5499523df7cab34f0fbd72ca8c20ed1588c76aa7ee14b0cec
snr_sweep,digital,JPEG + ideal separation,baseline,20,32,0.5,81001,20.4227369409,0.456716801971,1914.62005107,0.75,0.0387484100694,3.15739899697,digital_20_c32_seed81001_snr_sweep,20260728T002827Z_jpeg_capacity_matched_kodak_slow_rayleigh__digital_20_c32_seed81001_snr_sweep,8ecd1b2a4cdb4f5af2385e2ec749cc99667331a62c13b9b8a69d57910d705d84,07a52dd771e6c28625bcc9599bf71a9d1b02f1970b7aff20d685f8fa7ad86fad
snr_sweep,learned,Blind DeepJSCC,candidate,20,32,0.5,81001,21.1572484314,0.822099402547,527.213423411,,0.0387484095991,3.15739870071,learned_20_c32_seed81001_snr_sweep,20260728T002830Z_deepjscc_kodak_slow_rayleigh_train__learned_20_c32_seed81001_snr_sweep,ed2e706bf0c3fef0df5baf25015564fc94122c810dc939cdb94cdbdfa84a92e7,b82be0f0c9279abb959f70b1f98b0e826515fab48eab4cb6b91c5cb6d921361e
snr_sweep,digital,JPEG + ideal separation,baseline,20,32,0.5,82001,20.2804133038,0.447403345257,1700.41049957,0.75,0.173310044052,1.1614226984,digital_20_c32_seed82001_snr_sweep,20260728T002834Z_jpeg_capacity_matched_kodak_slow_rayleigh__digital_20_c32_seed82001_snr_sweep,499ca974f9de9a6d051f096de831848aa15983a4cac0b6b84da89dc45515e850,41e526b2865c24d4dffcb0e480ae70223918c10759ab03cd2baf0a0b7d2d2b67
snr_sweep,learned,Blind DeepJSCC,candidate,20,32,0.5,82001,21.0822879789,0.825051441789,532.622797648,,0.173310026526,1.16142272949,learned_20_c32_seed82001_snr_sweep,20260728T002836Z_deepjscc_kodak_slow_rayleigh_train__learned_20_c32_seed82001_snr_sweep,15c73df69cb12ec2ab4ab17cbfdd3887f646bc0f66993e0faa2073431dd63996,c554974f9b7d2173e2b18c75d99a63af776a9e897c2be8c06dabd20b13e98943
snr_sweep,digital,JPEG + ideal separation,baseline,20,32,0.5,83001,21.9063329428,0.447400640696,1466.72588221,0.75,0.127895941853,1.86137662191,digital_20_c32_seed83001_snr_sweep,20260728T002840Z_jpeg_capacity_matched_kodak_slow_rayleigh__digital_20_c32_seed83001_snr_sweep,4da3349d9140be324cb5efcd568d9bb90775663186573a4321c1d943111752a6,8ad39b0eb3c0649ab46776aac1daef9eca226c686b6da7643826585c83bc1de0
snr_sweep,learned,Blind DeepJSCC,candidate,20,32,0.5,83001,21.0681669148,0.821615308523,532.364676158,,0.127895951271,1.86137628555,learned_20_c32_seed83001_snr_sweep,20260728T002843Z_deepjscc_kodak_slow_rayleigh_train__learned_20_c32_seed83001_snr_sweep,32bda921338ab99135728a4047e9e20c02426ac052b30e212ccfe4a2972309f2,f6804b82725d678a1fc98c700d47ca61238b0e3598557dcf3b648aaa3820830f
