Sweep,SNR (dB),κ,Seed,Minimum gain-power delta,Maximum gain-power delta,Matched
rate_sweep,10,0.125,81001,1.37660000066e-07,1.74279999765e-07,yes
rate_sweep,10,0.125,82001,4.09750000041e-08,1.99900000997e-08,yes
rate_sweep,10,0.125,83001,1.0498000004e-09,1.8120000167e-08,yes
rate_sweep,10,0.25,81001,2.03699999923e-09,1.2725999976e-08,yes
rate_sweep,10,0.25,82001,9.82800001104e-10,4.0870000162e-09,yes
rate_sweep,10,0.25,83001,3.96299998373e-09,2.36770000051e-07,yes
rate_sweep,10,0.5,81001,4.70299993394e-10,2.96260000088e-07,yes
rate_sweep,10,0.5,82001,1.75260000124e-08,3.10899999079e-08,yes
rate_sweep,10,0.5,83001,9.41800001875e-09,3.36360000075e-07,yes
snr_sweep,0,0.5,81001,4.70299993394e-10,2.96260000088e-07,yes
snr_sweep,0,0.5,82001,1.75260000124e-08,3.10899999079e-08,yes
snr_sweep,0,0.5,83001,9.41800001875e-09,3.36360000075e-07,yes
snr_sweep,5,0.5,81001,4.70299993394e-10,2.96260000088e-07,yes
snr_sweep,5,0.5,82001,1.75260000124e-08,3.10899999079e-08,yes
snr_sweep,5,0.5,83001,9.41800001875e-09,3.36360000075e-07,yes
snr_sweep,10,0.5,81001,4.70299993394e-10,2.96260000088e-07,yes
snr_sweep,10,0.5,82001,1.75260000124e-08,3.10899999079e-08,yes
snr_sweep,10,0.5,83001,9.41800001875e-09,3.36360000075e-07,yes
snr_sweep,15,0.5,81001,4.70299993394e-10,2.96260000088e-07,yes
snr_sweep,15,0.5,82001,1.75260000124e-08,3.10899999079e-08,yes
snr_sweep,15,0.5,83001,9.41800001875e-09,3.36360000075e-07,yes
snr_sweep,20,0.5,81001,4.70299993394e-10,2.96260000088e-07,yes
snr_sweep,20,0.5,82001,1.75260000124e-08,3.10899999079e-08,yes
snr_sweep,20,0.5,83001,9.41800001875e-09,3.36360000075e-07,yes
