method_id,method_label,role,snr_db,paired_seed,ntn.beam_handover_accuracy,ntn.beam_outage_rate,ntn.doppler_mae_hz,ntn.pointing_mae_deg,task.score,recipe_id,run_id,recipe_sha256,semantic_recipe_sha256
hold_last,Hold last observation,baseline,0,81001,0.578125,0.421875,36579.1028309,6.66791932238,0.269812012352,hold_last_snr0_seed81001,20260823T045259Z_leo_ntn_doppler_beam_tracking__hold_last_snr0_seed81001,d8606360c164d906aad29a6e7f2dc0529dc9df8f6d3db758561baf9eb3b87d8f,2710bf384ed9d7ebb5ca79ecf6f2e132d455a78d62a8e477741d15fc57ee7674
hold_last,Hold last observation,baseline,0,82001,0.625,0.375,46137.0290718,5.81069205003,0.239023899317,hold_last_snr0_seed82001,20260823T045301Z_leo_ntn_doppler_beam_tracking__hold_last_snr0_seed82001,f5405c57ca89dcbf71ae65f9dc10ea5ba9601a5800f196ac4dc508eb3f2aca6d,94c6898d8ab95d80715cb1ed0441823c9a952968dc82988de1219a5e6ae6d779
hold_last,Hold last observation,baseline,0,83001,0.703125,0.296875,36938.7409186,5.65094882902,0.325700283567,hold_last_snr0_seed83001,20260823T045302Z_leo_ntn_doppler_beam_tracking__hold_last_snr0_seed83001,924c8c6c1dd96ea676efbcf6db4135c1010bf53a6b8e0fe3500d92a7a00e5586,6a6fe0edce9636f040976bf8dbe403c7f890fa4c2e2438bc37312804a9bec0ad
linear_extrapolation,Linear Doppler/angle extrapolation,baseline,0,81001,0.15625,0.84375,147537.676569,23.797532625,0.00722650627638,linear_extrapolation_snr0_seed81001,20260823T045259Z_leo_ntn_doppler_beam_tracking__linear_extrapolation_snr0_seed81001,2c6678d601771c41bef12dbf8d2b58476da8e652db69189a969199fcc7fb3e8a,3e66e08d22fb6f2869777d7ee989cc9dfa771c2e1f715bdfd061c7d7dd22ee45
linear_extrapolation,Linear Doppler/angle extrapolation,baseline,0,82001,0.21875,0.78125,162016.232469,21.0568214911,0.00748268248591,linear_extrapolation_snr0_seed82001,20260823T045301Z_leo_ntn_doppler_beam_tracking__linear_extrapolation_snr0_seed82001,7d40563f708ca6793c14ba3c730a44b1e95043d1e2c1f9042fec97687b948486,80013aa0d7fb559b4609cccf4fbfd197f3120b419ed856d315401fdd7e9bf316
linear_extrapolation,Linear Doppler/angle extrapolation,baseline,0,83001,0.234375,0.765625,115607.215166,21.7395916418,0.0210824037581,linear_extrapolation_snr0_seed83001,20260823T045303Z_leo_ntn_doppler_beam_tracking__linear_extrapolation_snr0_seed83001,f587b1bcc9c30c5d6ec287a7db86d9f6b67f6153a1e54aad5aad5f58a7192fad,28ff2945f1e8fc9629dc2604900027ea5eb78be4da58076610bb71e2386ba04f
oracle_future,True future state,oracle,0,81001,1,0,0,0,1,oracle_future_snr0_seed81001,20260823T045300Z_leo_ntn_doppler_beam_tracking__oracle_future_snr0_seed81001,318eb543afb6571877632e1184a7bf584231ae42df5e9c011284b0b670659035,8ef7ed0c0dbc06d674fb47a043e76caa7b5b860b51cf1ccb64372641d1fbaca0
oracle_future,True future state,oracle,0,82001,1,0,0,0,1,oracle_future_snr0_seed82001,20260823T045301Z_leo_ntn_doppler_beam_tracking__oracle_future_snr0_seed82001,abed95e218ff1553c411b5a0cf8f3f9f2b8a76691684712065e810728117509a,0c883c41489ccba6ad69715092959c7a23fbd21913ef84fec965c3b91f0b1b4a
oracle_future,True future state,oracle,0,83001,1,0,0,0,1,oracle_future_snr0_seed83001,20260823T045303Z_leo_ntn_doppler_beam_tracking__oracle_future_snr0_seed83001,1af3cbfa3d1608941ee70bcb1af961323ee59842d6fe61286dd2e0fc77e52a81,e6359cb50b7fff63341f9844688dfe6c883ba760f1901e0b025de06d3d82f741
learned_ntn_tracker,Learned causal tracker,candidate,0,81001,0.734375,0.265625,3650.74023724,5.10402294388,0.680591796771,learned_ntn_tracker_snr0_seed81001,20260823T045300Z_leo_ntn_doppler_beam_tracking__learned_ntn_tracker_snr0_seed81001,a3983189837aedbd3cbebc34dfdc17345020598f4f9f2e83ab107640c4426d03,42052fe704c8026cb92974a93bf8116a3e8dfe8b8fb0a3a7dd1ca51551d49919
learned_ntn_tracker,Learned causal tracker,candidate,0,82001,0.6875,0.3125,3224.03033879,5.46204661904,0.642839145753,learned_ntn_tracker_snr0_seed82001,20260823T045302Z_leo_ntn_doppler_beam_tracking__learned_ntn_tracker_snr0_seed82001,00d02afd61332fe36e52178ca2d7bc21130fbe87689be7e9571240ae3cbf2727,e9cfb3cb763b04133d513aa0a611035cb7136f7b9d8fc0b8194634a9775b1ed4
learned_ntn_tracker,Learned causal tracker,candidate,0,83001,0.734375,0.265625,3160.35530913,5.78789548809,0.687580601852,learned_ntn_tracker_snr0_seed83001,20260823T045303Z_leo_ntn_doppler_beam_tracking__learned_ntn_tracker_snr0_seed83001,15b3def8472608353183d108558a8dc87b4733f03b601e15e0a052dcd5fb373b,be4264172f5edf3171f4a0a60883ae09f4438b963ed811592ca16e3cd6900021
hold_last,Hold last observation,baseline,15,81001,0.90625,0.09375,6531.69307783,1.70816657459,0.79095277814,hold_last_snr15_seed81001,20260823T045304Z_leo_ntn_doppler_beam_tracking__hold_last_snr15_seed81001,6f6734cc3946bc63a0ecaf2c5bd4a22076255231aa9c173f4dd4abec8c70ccfc,0135d507044311a9b9dc4bd2e75d6d9a89268d63f131fa3c73c96de844fbf3d4
hold_last,Hold last observation,baseline,15,82001,0.90625,0.09375,8015.61587473,1.58544324938,0.766874534747,hold_last_snr15_seed82001,20260823T045305Z_leo_ntn_doppler_beam_tracking__hold_last_snr15_seed82001,59a9d951192b2a892ac155aee3d851d735dea30591c21b908362fee2bc70db59,6b341f7023a2dabd8c01b5acf813370eeaab82f8c4d40cc9420aea1730c4c0b0
hold_last,Hold last observation,baseline,15,83001,0.921875,0.078125,6899.35004067,1.74949972751,0.798450664359,hold_last_snr15_seed83001,20260823T045306Z_leo_ntn_doppler_beam_tracking__hold_last_snr15_seed83001,8f2005144eb1830e1281fda932423edbf1ec8d02b367379c918fe7d67538559f,9625be125680934b7d7300f3e857ff1860f788bf7187961f5bb0111a5a3ffbde
linear_extrapolation,Linear Doppler/angle extrapolation,baseline,15,81001,0.765625,0.234375,26237.5228977,4.22506712331,0.443224951945,linear_extrapolation_snr15_seed81001,20260823T045304Z_leo_ntn_doppler_beam_tracking__linear_extrapolation_snr15_seed81001,cf0e6e78a2621f58ae83a6cff08c83f3fa9da8a2dd8987af2e9809dee05e82aa,adeb181e139157d1bcb7199abd141e5cbec10d713f9abfcfe1d04edae85d6a97
linear_extrapolation,Linear Doppler/angle extrapolation,baseline,15,82001,0.6875,0.3125,28803.4220629,3.74451525835,0.377281101363,linear_extrapolation_snr15_seed82001,20260823T045305Z_leo_ntn_doppler_beam_tracking__linear_extrapolation_snr15_seed82001,1ac9c80c439dafc95f3bf180446d5ac95579b44a60caf1dda2437dee4213c005,81d0acec6358da2bb47606c8e2c36acbfe865561aa57e271561f8f8fb1a87991
linear_extrapolation,Linear Doppler/angle extrapolation,baseline,15,83001,0.765625,0.234375,20554.8748412,3.86960461037,0.498930064457,linear_extrapolation_snr15_seed83001,20260823T045307Z_leo_ntn_doppler_beam_tracking__linear_extrapolation_snr15_seed83001,7f87bcdf188471c6ec1f4cee6b4f648254cb4598ac83370c933c76b9b457efbf,e659b22423babf42c790cf13b825702f84ba00edc2f0a5f8663be025c3ca9455
oracle_future,True future state,oracle,15,81001,1,0,0,0,1,oracle_future_snr15_seed81001,20260823T045304Z_leo_ntn_doppler_beam_tracking__oracle_future_snr15_seed81001,8d06210aac4ff9648daa34ae71e3e82cec938d124597bb421633b9c861c578f0,57b4d7fe1a0f17a05235fc0de47bb6b781f7235b8e4a51a59577bc938339dfa9
oracle_future,True future state,oracle,15,82001,1,0,0,0,1,oracle_future_snr15_seed82001,20260823T045306Z_leo_ntn_doppler_beam_tracking__oracle_future_snr15_seed82001,f0f2294fa9f36dabcd390bc7c31043d24926b3cb56cc3b14c85a36b3943b5e0c,c88848cde652713f4451d495ebfc73c5c9e7e1bbf4bcf592057c9278ad3f073f
oracle_future,True future state,oracle,15,83001,1,0,0,0,1,oracle_future_snr15_seed83001,20260823T045307Z_leo_ntn_doppler_beam_tracking__oracle_future_snr15_seed83001,6d156c392bdd003225da15bb169ede6fb86f98ebf63e77e53a4f4693e3d2761e,ccdfc300005a23b90fcda13eec2e23c64febd86dbdeb84d74b4fa3ed1e2fc419
learned_ntn_tracker,Learned causal tracker,candidate,15,81001,0.90625,0.09375,1305.66335487,3.55405092379,0.881931056992,learned_ntn_tracker_snr15_seed81001,20260823T045305Z_leo_ntn_doppler_beam_tracking__learned_ntn_tracker_snr15_seed81001,039859a7a6b6d985e162acec5ee3c6b088b1b5dbf697b1a17fd931bef21e63ef,ad8a5be9705a3ca39e3a45a6e93299cc0bd880962057be2182e46f0c7293891f
learned_ntn_tracker,Learned causal tracker,candidate,15,82001,0.875,0.125,1301.76157808,4.18879371462,0.851588861538,learned_ntn_tracker_snr15_seed82001,20260823T045306Z_leo_ntn_doppler_beam_tracking__learned_ntn_tracker_snr15_seed82001,24b6dc57ea22c9d31d908b7c97aff19f338292bee652b3e4ed3e6e6b89fa7ff3,e720d568d2da6fa94ea8b3da21a276b641e7e13870e1afed7b4a1c49e86ffd0d
learned_ntn_tracker,Learned causal tracker,candidate,15,83001,0.90625,0.09375,1470.823421,3.85098340036,0.878901692758,learned_ntn_tracker_snr15_seed83001,20260823T045307Z_leo_ntn_doppler_beam_tracking__learned_ntn_tracker_snr15_seed83001,079b1d99f5df89e304a7542b3ab21dca8fcb95f1b0d749910a409ded8f3b7aba,ae211b33ba8f5cbb5696b424602e96b2b4856fdaf6276246dfcaba51ebb8ffed
