method_id,method_label,role,snr_db,channel_seed,psnr_db,mse,ms_ssim,uses_per_pixel,resource_guard_observed,resource_guard_maximum,resource_guard_admitted,capacity_bpp,native_codec_bpp,jpeg_quality_mean,jpeg_quality_min,jpeg_quality_max,recipe_id,run_id,recipe_sha256,semantic_recipe_sha256
jpeg_capacity,Capacity-matched JPEG,baseline,-6,,13.7215445512,2843.98853302,0.269506890327,0.5,0.5,0.5,1,0.161649661347,0,0,0,0,jpeg_capacity_snrm6,20260727T235926Z_jpeg_capacity_matched_kodak_awgn__jpeg_capacity_snrm6,6a85c4d33714019866b764386238b5f7f16d675460fbbb0f03e43423bffa64ee,ff046617772b97ca64605f423cfb47fd83751a0d5338865d60a10e511d672ac3
learned_deepjscc,Learned DeepJSCC,candidate,-6,71001,21.960179886,424.17561849,0.743772044778,0.5,0.5,0.5,1,,,,,,learned_deepjscc_snrm6_seed71001,20260727T235928Z_deepjscc_kodak_awgn_train__learned_deepjscc_snrm6_seed71001,47860b5026950abd88c45d54a24fbc67768c774c60b15785cd3580dc90a8fb6b,31946049e12b30077f133d80852bdf05560278e857f89657180e533406c75a3e
learned_deepjscc,Learned DeepJSCC,candidate,-6,72001,21.9786233869,421.011427561,0.747121632099,0.5,0.5,0.5,1,,,,,,learned_deepjscc_snrm6_seed72001,20260727T235934Z_deepjscc_kodak_awgn_train__learned_deepjscc_snrm6_seed72001,e351813d2c574ddcb707c816e82e1add953d2995a25f2d96d6c5cb0c356cdff6,e3e6f22fc2f5c526346c2b6f00768976f43791e16df4aaca0c134bd6f61aac7d
learned_deepjscc,Learned DeepJSCC,candidate,-6,73001,22.0459761689,414.242232005,0.744208067656,0.5,0.5,0.5,1,,,,,,learned_deepjscc_snrm6_seed73001,20260727T235937Z_deepjscc_kodak_awgn_train__learned_deepjscc_snrm6_seed73001,1ecc333f47dba02099f023eaad26cc5497053c94a943e332d8fbe1c4b1a2aa42,6219ae1c20785e64e05a295daf0516e1a77928026b58af5d04312d89b74f33b4
jpeg_capacity,Capacity-matched JPEG,baseline,-4,,17.6373951835,1735.36650848,0.508743267506,0.5,0.5,0.5,1,0.241737476673,0.117919921875,1.25,0,3,jpeg_capacity_snrm4,20260727T235940Z_jpeg_capacity_matched_kodak_awgn__jpeg_capacity_snrm4,b5fe45ce265b5bbfa1d325ed6ff3f949c6773d22b24faec2f9b4bdee9cc968ea,6f9b4a7e5bc43bb6067f524bff3ee854566c58c39dcfa5daf69bdc72cb70b917
learned_deepjscc,Learned DeepJSCC,candidate,-4,71001,23.1080400137,326.10688146,0.804277092218,0.5,0.5,0.5,1,,,,,,learned_deepjscc_snrm4_seed71001,20260727T235943Z_deepjscc_kodak_awgn_train__learned_deepjscc_snrm4_seed71001,23455cfe6a50551bd803794b7261afd0cd1517ec11f6d29dc85b510e9491f66a,2b0215ecce3b7f21dae7c05b975869dc351850227a62ee07996491a20bc55058
learned_deepjscc,Learned DeepJSCC,candidate,-4,72001,23.1221376552,324.345113118,0.806573390961,0.5,0.5,0.5,1,,,,,,learned_deepjscc_snrm4_seed72001,20260727T235946Z_deepjscc_kodak_awgn_train__learned_deepjscc_snrm4_seed72001,33cac7853600350f678e77845c6a0c61d947d690b7d74aeff1288213a5d37bd6,a7b8b34e1de6bf93b546014bf32f598d9307c1b068d738aff8cb311d905f82ff
learned_deepjscc,Learned DeepJSCC,candidate,-4,73001,23.1835305002,319.577261607,0.804064780474,0.5,0.5,0.5,1,,,,,,learned_deepjscc_snrm4_seed73001,20260727T235949Z_deepjscc_kodak_awgn_train__learned_deepjscc_snrm4_seed73001,fc2426b5fc23a11f71db6bd7e51214ddba5d9fdb908d8d76de9e41ce69783935,f1458c9a9a339eaa50cedabb59c782892dff87b8706c39947c85161caa2e0827
jpeg_capacity,Capacity-matched JPEG,baseline,-2,,25.3384820424,207.979548136,0.870683416724,0.5,0.5,0.5,1,0.352859525387,0.344024658203,7.75,6,10,jpeg_capacity_snrm2,20260727T235952Z_jpeg_capacity_matched_kodak_awgn__jpeg_capacity_snrm2,83419d91e6c4d4c392bca209451d8094675fbe65908a5d12e7b528c5ad5b9ce2,682367d969743dc2e0757dda784ecc1dc16660407d1c63aed66c713a31446376
learned_deepjscc,Learned DeepJSCC,candidate,-2,71001,23.9818316795,267.242443085,0.84819419682,0.5,0.5,0.5,1,,,,,,learned_deepjscc_snrm2_seed71001,20260727T235954Z_deepjscc_kodak_awgn_train__learned_deepjscc_snrm2_seed71001,09d2fff2292a64e4aa06eaa8aaccd1d7174297af603e9e1d75f0e3378f89b6c8,2e5fd9a5af483cd478cf7bd9371b1f67acbedd008eb7a83c2a0250c0cfe7ae7f
learned_deepjscc,Learned DeepJSCC,candidate,-2,72001,23.9875710674,266.546456655,0.84964877367,0.5,0.5,0.5,1,,,,,,learned_deepjscc_snrm2_seed72001,20260727T235957Z_deepjscc_kodak_awgn_train__learned_deepjscc_snrm2_seed72001,129c07473ee76c180a27bbff881024890d1011425aec1a3f01967f0bedcbc238,95eb0cf1323e91cc9487a116805dde735657c1600d0d89c108ee9710a6e1eb50
learned_deepjscc,Learned DeepJSCC,candidate,-2,73001,24.052379209,262.32537969,0.847806766629,0.5,0.5,0.5,1,,,,,,learned_deepjscc_snrm2_seed73001,20260728T000000Z_deepjscc_kodak_awgn_train__learned_deepjscc_snrm2_seed73001,1fd482b9a6e928ccded0b6f98f3b83a2af7301f00e4ceadc8235634a1efcc42c,45c400067fc236d1c335a7b2babda02d66fd0787ba0711eb4143a06f3aa58916
jpeg_capacity,Capacity-matched JPEG,baseline,0,,27.9425205181,119.126350403,0.928130552173,0.5,0.5,0.5,1,0.5,0.493865966797,16,12,24,jpeg_capacity_snr0,20260728T000003Z_jpeg_capacity_matched_kodak_awgn__jpeg_capacity_snr0,bfbcbaff6ababaaf429bd0cdc753ea4eafa42f7d81660ceb23225e43542b61b2,84d4c959386afaf89063a0477dd22433090762dc2d9b1876a8cb758905dcb6aa
learned_deepjscc,Learned DeepJSCC,candidate,0,71001,24.6318814978,230.674087524,0.879324808717,0.5,0.5,0.5,1,,,,,,learned_deepjscc_snr0_seed71001,20260728T000005Z_deepjscc_kodak_awgn_train__learned_deepjscc_snr0_seed71001,a14b7fe5318db2f98f10522854d2eae699fc4a148cc5803567789814d025882c,ce276676f41fd158bcd604573fc225415fcba7ebf02d7f4c2c744c1f17db851d
learned_deepjscc,Learned DeepJSCC,candidate,0,72001,24.6338906827,230.442883809,0.880380153656,0.5,0.5,0.5,1,,,,,,learned_deepjscc_snr0_seed72001,20260728T000009Z_deepjscc_kodak_awgn_train__learned_deepjscc_snr0_seed72001,7f72f5d273f6224373051f10e5830f4f4f03a4e660bc97d64237d30a02796d65,506c1688504dda10a869372d648901f234da2a30ead60258e4704de51c87f843
learned_deepjscc,Learned DeepJSCC,candidate,0,73001,24.6990254257,226.704054515,0.879017531872,0.5,0.5,0.5,1,,,,,,learned_deepjscc_snr0_seed73001,20260728T000012Z_deepjscc_kodak_awgn_train__learned_deepjscc_snr0_seed73001,ced65805523e2b9f070aafc876b58baec61955ce74090495dae399702621519d,6e97309ed4eefde8597662c6bd9a77f2291b8a7ab8ecc63b15ed8858550d9e05
jpeg_capacity,Capacity-matched JPEG,baseline,4,,31.3470709649,56.0937970479,0.972190111876,0.5,0.5,0.5,1,0.90612309565,0.900299072266,44,33,65,jpeg_capacity_snr4,20260728T000015Z_jpeg_capacity_matched_kodak_awgn__jpeg_capacity_snr4,8a7dbdbd5b013ec801e14752a1fbc51009ff9b8226c2a28db8a9f6d26a95bb9d,f5e6343158db302acffdc0f097a9e0961eb87d2dcfe0443647cab76e00ceeb0d
learned_deepjscc,Learned DeepJSCC,candidate,4,71001,25.4262722463,193.061412811,0.91530571878,0.5,0.5,0.5,1,,,,,,learned_deepjscc_snr4_seed71001,20260728T000017Z_deepjscc_kodak_awgn_train__learned_deepjscc_snr4_seed71001,07a104b904acdb060753d83b976d9310b97c87616e39379f155749a16ea9a21d,5640f7bf83025512c5d375a0a24d72f3c4aa919488dd24825dfb72bcc033a938
learned_deepjscc,Learned DeepJSCC,candidate,4,72001,25.4238750499,193.166692098,0.915950849652,0.5,0.5,0.5,1,,,,,,learned_deepjscc_snr4_seed72001,20260728T000020Z_deepjscc_kodak_awgn_train__learned_deepjscc_snr4_seed72001,e50abfbe7e4e3fd17b4052db159de038c45b3f373006de5acb8cab085b85e3cb,f3e8ade2240ccbe59c84fa464d1e716cbd51af723a4935f9eac3e7df25178973
learned_deepjscc,Learned DeepJSCC,candidate,4,73001,25.4805617452,190.403644562,0.915267676115,0.5,0.5,0.5,1,,,,,,learned_deepjscc_snr4_seed73001,20260728T000024Z_deepjscc_kodak_awgn_train__learned_deepjscc_snr4_seed73001,ec8aef11bef677f633a2f472119ebcae00621ac2cbd47de75ce7ddcf4cf571db,644a216961a38ace9ed86633d4b6ca355f146774a784dcee27f6d112778201b9
jpeg_capacity,Capacity-matched JPEG,baseline,8,,33.8647301587,31.1400171916,0.985090196133,0.5,0.5,0.5,1,1.43489360959,1.42147827148,72.5,65,84,jpeg_capacity_snr8,20260728T000027Z_jpeg_capacity_matched_kodak_awgn__jpeg_capacity_snr8,11652120e64a3c72112b7770e7b8fd57f0c6f18142ad375347d6f769cd566e7c,42fc5679c82c453333b1698bc118fd7bd0724d2e4a6ffb0fb19ee5dfe496920d
learned_deepjscc,Learned DeepJSCC,candidate,8,71001,25.7926210948,177.996835073,0.9310374856,0.5,0.5,0.5,1,,,,,,learned_deepjscc_snr8_seed71001,20260728T000030Z_deepjscc_kodak_awgn_train__learned_deepjscc_snr8_seed71001,a2e8d0c7bde6e95a5ac3d40c8bf436c7936ae87e9f814b5047cf852e5e8a2688,a8f92fd0a94cf2983ba3e4ba8993558b339ca5626014c4a2dcc9698c65440e5c
learned_deepjscc,Learned DeepJSCC,candidate,8,72001,25.7911949828,178.086572011,0.931417733431,0.5,0.5,0.5,1,,,,,,learned_deepjscc_snr8_seed72001,20260728T000033Z_deepjscc_kodak_awgn_train__learned_deepjscc_snr8_seed72001,87c67c7de85346ce537f94aa542891aee96f9a8c0b2f1117cb7d1d15b8119779,59404bdced90fa063aaad25d86c9e1198a29042c288772b92e0099bab2d688d4
learned_deepjscc,Learned DeepJSCC,candidate,8,73001,25.8313878746,176.26485316,0.931100010872,0.5,0.5,0.5,1,,,,,,learned_deepjscc_snr8_seed73001,20260728T000037Z_deepjscc_kodak_awgn_train__learned_deepjscc_snr8_seed73001,e3ef9fc51e777cfb82867330a1013993914cab7b0276fb9a4e7dbb350a354a72,de69d47e34cd6b91ac172f3cc776161ce968d2dad3e7bbe4a77b9ce7d7964556
jpeg_capacity,Capacity-matched JPEG,baseline,12,,35.8725795691,19.2784792582,0.990412741899,0.5,0.5,0.5,1,2.03729261745,2.005859375,84.75,81,91,jpeg_capacity_snr12,20260728T000040Z_jpeg_capacity_matched_kodak_awgn__jpeg_capacity_snr12,449ffb5a6155810f4152c3a46da9e6cb5e0f4adb5dee0af36daf4f28fda7fc49,70c90cfe1aeea6e3bfd5192fde6e76dd2b930218554f7d4fb454bcc57f334445
learned_deepjscc,Learned DeepJSCC,candidate,12,71001,25.9507987439,171.904758453,0.937614738941,0.5,0.5,0.5,1,,,,,,learned_deepjscc_snr12_seed71001,20260728T000042Z_deepjscc_kodak_awgn_train__learned_deepjscc_snr12_seed71001,cafec228de97d47df1102fb97aa604f8959605540270ce42c8cddd24db617b08,7991f814e9c25c668228f93284edc5545d0497f90972dc41c230b52d4e202612
learned_deepjscc,Learned DeepJSCC,candidate,12,72001,25.9508280911,171.936206818,0.937832668424,0.5,0.5,0.5,1,,,,,,learned_deepjscc_snr12_seed72001,20260728T000046Z_deepjscc_kodak_awgn_train__learned_deepjscc_snr12_seed72001,ef59010ce7c82ca5625d9bacba0774e11341bfcf39e1527f20c18bb36b7410d9,3f520b60c6cae79d396783774c270f46c209965746dbae1d8ec3bc10a96ef81b
learned_deepjscc,Learned DeepJSCC,candidate,12,73001,25.9770958359,170.780943553,0.937653139234,0.5,0.5,0.5,1,,,,,,learned_deepjscc_snr12_seed73001,20260728T000049Z_deepjscc_kodak_awgn_train__learned_deepjscc_snr12_seed73001,b9b4e2ab963f4e0266e9f3ff1219f8407e1ecd10bbbc0ec4f9484075ff78e211,55037bbf81249d16fb7e8084ff93bbe0fd707ddda98904c707eca1130d075495
jpeg_capacity,Capacity-matched JPEG,baseline,16,,37.5039653338,12.9952901204,0.99303945899,0.5,0.5,0.5,1,2.67543807712,2.60134887695,90.5,88,94,jpeg_capacity_snr16,20260728T000053Z_jpeg_capacity_matched_kodak_awgn__jpeg_capacity_snr16,5a1597cabcc3396757678b25ef0656b6d37fcd668e9f25c9a8139e4237ac9859,d91cea1f60185a34361925174797ce8645a1a9fabf8a708e10c4a226eb50f916
learned_deepjscc,Learned DeepJSCC,candidate,16,71001,26.017249675,169.422186534,0.940289989114,0.5,0.5,0.5,1,,,,,,learned_deepjscc_snr16_seed71001,20260728T000055Z_deepjscc_kodak_awgn_train__learned_deepjscc_snr16_seed71001,2107472165e112e39649a5da8bfc66e29713927ef77d67fe1eafeae94dc78b5e,2f055ef988e68e322611a25e46bede3015a0f137138d7966bc2c90480c1dded3
learned_deepjscc,Learned DeepJSCC,candidate,16,72001,26.0166589247,169.465593974,0.940406143665,0.5,0.5,0.5,1,,,,,,learned_deepjscc_snr16_seed72001,20260728T000100Z_deepjscc_kodak_awgn_train__learned_deepjscc_snr16_seed72001,9c38273a19a456f8aa7faed406eec9400c6ea155ca7c01c90ce044351a928c0c,02e606c688741adafa75b2ddb2771016bf93b100aef8e25008f26ebcc506c46d
learned_deepjscc,Learned DeepJSCC,candidate,16,73001,26.0337846212,168.726596832,0.940302550793,0.5,0.5,0.5,1,,,,,,learned_deepjscc_snr16_seed73001,20260728T000104Z_deepjscc_kodak_awgn_train__learned_deepjscc_snr16_seed73001,a3a80daa06e66c36964cbd67468c4390909f621df6c96b82ae3438ef1e5b89a7,a0ba022fdfe3c7113e53a7dd25541f1e837bcaed813f815ac32624234ca86a5a
