result_id,recipe_id,recipe_label,role,run_id,method,paired_seed,snr_db,bit_errors,compared_bits,ber,block_errors,compared_blocks,bler,recipe_sha256,semantic_recipe_sha256
20260726T155403Z_neural_receiver_ai_phy.learned_qpsk_iq_calibration_v1,uncompensated_qpsk_snrm2_seed71001,Uncompensated QPSK · -2 dB · seed 71001,baseline,20260726T155404Z_qpsk_iq_imbalance_receiver_calibration_post_training_benchmark__uncompensated_qpsk_snrm2_seed71001,uncompensated_qpsk,71001,-2,266900,1048576,0.25453567504882812,1024,1024,1,26e614b76ee5fda87ea99e313138cf31968e17a8b0a5b1050d7d6e7aa548d119,2965e721b446f6db761145f802b5fccc70273e311f93182f6d77d10190a8f401
20260726T155403Z_neural_receiver_ai_phy.learned_qpsk_iq_calibration_v1,calibrated_iq_oracle_snrm2_seed71001,Calibrated I/Q oracle · -2 dB · seed 71001,reference,20260726T155407Z_qpsk_iq_imbalance_receiver_calibration_post_training_benchmark__calibrated_iq_oracle_snrm2_seed71001,calibrated_iq_oracle,71001,-2,223920,1048576,0.2135467529296875,1024,1024,1,22922e3db2106fef3d0eb2f493cdba78304a7ffeb391cf121d50a8beacdcd928,b76d4d0f80c321d69aea04b45ca360a5fe4586c262aed1c3dc243f916a12068e
20260726T155403Z_neural_receiver_ai_phy.learned_qpsk_iq_calibration_v1,learned_receiver_snrm2_seed71001,Learned I/Q receiver · -2 dB · seed 71001,candidate,20260726T155409Z_qpsk_iq_imbalance_receiver_calibration_post_training_benchmark__learned_receiver_snrm2_seed71001,learned_receiver,71001,-2,223876,1048576,0.21350479125976562,1024,1024,1,a385b85398c7eec69a1de21f9a4c1e7633e5690695aa5a7cb7f837accd5c9400,35177c72772904a402c7cc41c07589ea4ea1205a464e37f522dda02dc4ea2c4f
20260726T155403Z_neural_receiver_ai_phy.learned_qpsk_iq_calibration_v1,uncompensated_qpsk_snrm2_seed72001,Uncompensated QPSK · -2 dB · seed 72001,baseline,20260726T155411Z_qpsk_iq_imbalance_receiver_calibration_post_training_benchmark__uncompensated_qpsk_snrm2_seed72001,uncompensated_qpsk,72001,-2,267000,1048576,0.25463104248046875,1024,1024,1,178a5b29f64c3ff070f451958af99b304e8871c7766055398f411bf8dce36165,15d302bbc918b65cea094755b0275c6361658df86e22edb7ba09c520ab501b1b
20260726T155403Z_neural_receiver_ai_phy.learned_qpsk_iq_calibration_v1,calibrated_iq_oracle_snrm2_seed72001,Calibrated I/Q oracle · -2 dB · seed 72001,reference,20260726T155413Z_qpsk_iq_imbalance_receiver_calibration_post_training_benchmark__calibrated_iq_oracle_snrm2_seed72001,calibrated_iq_oracle,72001,-2,224017,1048576,0.21363925933837891,1024,1024,1,e4ee4344a26f1d67b138e8a11f02c11a3915aff67b323c28a4f0379d132e531a,afec43adecf752c4a5ffb875d4ace8452c19168069fd84882c354d7f75ea21c0
20260726T155403Z_neural_receiver_ai_phy.learned_qpsk_iq_calibration_v1,learned_receiver_snrm2_seed72001,Learned I/Q receiver · -2 dB · seed 72001,candidate,20260726T155416Z_qpsk_iq_imbalance_receiver_calibration_post_training_benchmark__learned_receiver_snrm2_seed72001,learned_receiver,72001,-2,224000,1048576,0.213623046875,1024,1024,1,5b11e69ca9c955874f3423782cb704890114fb1f5fae0530ec45172603ae611f,6f1ea188a8c5a0ddb787d312cbe0bc2d678bf8caca76488cec194476ad87ab5d
20260726T155403Z_neural_receiver_ai_phy.learned_qpsk_iq_calibration_v1,uncompensated_qpsk_snrm2_seed73001,Uncompensated QPSK · -2 dB · seed 73001,baseline,20260726T155418Z_qpsk_iq_imbalance_receiver_calibration_post_training_benchmark__uncompensated_qpsk_snrm2_seed73001,uncompensated_qpsk,73001,-2,266823,1048576,0.25446224212646484,1024,1024,1,6ebd444d723d637b7b078ac8c9dff69b15dd0d29754c58fc5ac321096ba716f9,660187e61145bcb1a5daa65bf864d5e4abc287dfe35362831dac051625dac937
20260726T155403Z_neural_receiver_ai_phy.learned_qpsk_iq_calibration_v1,calibrated_iq_oracle_snrm2_seed73001,Calibrated I/Q oracle · -2 dB · seed 73001,reference,20260726T155420Z_qpsk_iq_imbalance_receiver_calibration_post_training_benchmark__calibrated_iq_oracle_snrm2_seed73001,calibrated_iq_oracle,73001,-2,223275,1048576,0.21293163299560547,1024,1024,1,154ef0371ad4e3a39360c82e286c03073f44491e5eee047f6f36bf64fe543703,9a13bbee10997505496cc3a4358998aaac842259aadce9751972e85337bdc334
20260726T155403Z_neural_receiver_ai_phy.learned_qpsk_iq_calibration_v1,learned_receiver_snrm2_seed73001,Learned I/Q receiver · -2 dB · seed 73001,candidate,20260726T155423Z_qpsk_iq_imbalance_receiver_calibration_post_training_benchmark__learned_receiver_snrm2_seed73001,learned_receiver,73001,-2,223284,1048576,0.21294021606445312,1024,1024,1,81d11bfd72701428aefca713d6074f6d9844c87b00237173e9a2b13d2976073d,6e509f2f410bcdac0e79b293c53a5af5863497a3d56934d6485830a02c5cec87
20260726T155403Z_neural_receiver_ai_phy.learned_qpsk_iq_calibration_v1,uncompensated_qpsk_snr0_seed71001,Uncompensated QPSK · 0 dB · seed 71001,baseline,20260726T155425Z_qpsk_iq_imbalance_receiver_calibration_post_training_benchmark__uncompensated_qpsk_snr0_seed71001,uncompensated_qpsk,71001,0,222614,1048576,0.21230125427246094,1024,1024,1,28ec35e8101f8555e55a2181c85f63d16a29f63797b4a3ea17c2a2e1dea8f0b9,3445f01898047ec8b2a9d5af70a77b52b76670d01f77b8054154573c981f6ee5
20260726T155403Z_neural_receiver_ai_phy.learned_qpsk_iq_calibration_v1,calibrated_iq_oracle_snr0_seed71001,Calibrated I/Q oracle · 0 dB · seed 71001,reference,20260726T155428Z_qpsk_iq_imbalance_receiver_calibration_post_training_benchmark__calibrated_iq_oracle_snr0_seed71001,calibrated_iq_oracle,71001,0,166472,1048576,0.15876007080078125,1024,1024,1,935a6e99a004ff8b917acb4b2cadd34018dcc78d2bbd97c1e23d48d6a3d0c07b,0f107c8f465e6116f58f4a840277ae132c1198fa161d6b19bc12f3a016c40f1c
20260726T155403Z_neural_receiver_ai_phy.learned_qpsk_iq_calibration_v1,learned_receiver_snr0_seed71001,Learned I/Q receiver · 0 dB · seed 71001,candidate,20260726T155430Z_qpsk_iq_imbalance_receiver_calibration_post_training_benchmark__learned_receiver_snr0_seed71001,learned_receiver,71001,0,166458,1048576,0.15874671936035156,1024,1024,1,1a34c93e2086c53878a3393e83dffa93db983b15e10ab5ae65ce51ea077cdbc7,b42fa94f65e744efee3e44a1fdfba45d1b924b3ae7e7a6e4df22db234ec191ba
20260726T155403Z_neural_receiver_ai_phy.learned_qpsk_iq_calibration_v1,uncompensated_qpsk_snr0_seed72001,Uncompensated QPSK · 0 dB · seed 72001,baseline,20260726T155432Z_qpsk_iq_imbalance_receiver_calibration_post_training_benchmark__uncompensated_qpsk_snr0_seed72001,uncompensated_qpsk,72001,0,222932,1048576,0.21260452270507812,1024,1024,1,1432952b642f514099d787d004972f311d58e34ab7d90bb536c4a2a03f77e11b,22326864cb49b52e6d56b2c1aed1a388d063ef41eea81687de41c3965cddab3e
20260726T155403Z_neural_receiver_ai_phy.learned_qpsk_iq_calibration_v1,calibrated_iq_oracle_snr0_seed72001,Calibrated I/Q oracle · 0 dB · seed 72001,reference,20260726T155435Z_qpsk_iq_imbalance_receiver_calibration_post_training_benchmark__calibrated_iq_oracle_snr0_seed72001,calibrated_iq_oracle,72001,0,166280,1048576,0.15857696533203125,1024,1024,1,df46a0afcfd12ded4a2adaba26592e5809e885003cbc5c2a0a334540e547322e,fc0bffa22a32b6ded24bb21493995fbc989fe932395e03f097388dbe07c9eb63
20260726T155403Z_neural_receiver_ai_phy.learned_qpsk_iq_calibration_v1,learned_receiver_snr0_seed72001,Learned I/Q receiver · 0 dB · seed 72001,candidate,20260726T155437Z_qpsk_iq_imbalance_receiver_calibration_post_training_benchmark__learned_receiver_snr0_seed72001,learned_receiver,72001,0,166311,1048576,0.15860652923583984,1024,1024,1,968af1b68a0253d9f6c30f3dedb13fca700affe7a47ae10453e262024ff7e797,9dfa5889e9ef0bf649f4a3d06d1b0d2941efbd20c48950574eaece529a6e7bee
20260726T155403Z_neural_receiver_ai_phy.learned_qpsk_iq_calibration_v1,uncompensated_qpsk_snr0_seed73001,Uncompensated QPSK · 0 dB · seed 73001,baseline,20260726T155440Z_qpsk_iq_imbalance_receiver_calibration_post_training_benchmark__uncompensated_qpsk_snr0_seed73001,uncompensated_qpsk,73001,0,222871,1048576,0.21254634857177734,1024,1024,1,cbc001c88201442ba5b8a8c7b91c87203bc0067e1b8e8a833d5c1e657908e7ce,980d389033aa4172de230d4919898222916e152eac698bf4aa75fbcf33193500
20260726T155403Z_neural_receiver_ai_phy.learned_qpsk_iq_calibration_v1,calibrated_iq_oracle_snr0_seed73001,Calibrated I/Q oracle · 0 dB · seed 73001,reference,20260726T155442Z_qpsk_iq_imbalance_receiver_calibration_post_training_benchmark__calibrated_iq_oracle_snr0_seed73001,calibrated_iq_oracle,73001,0,165918,1048576,0.15823173522949219,1024,1024,1,9606c19bf5f1640e8c6200186fca683c59a18a28e44b740774fffedd4d498208,d4f526da22c392984569669d531e4ac26757939e81abbefc003b9ae06232ccb1
20260726T155403Z_neural_receiver_ai_phy.learned_qpsk_iq_calibration_v1,learned_receiver_snr0_seed73001,Learned I/Q receiver · 0 dB · seed 73001,candidate,20260726T155444Z_qpsk_iq_imbalance_receiver_calibration_post_training_benchmark__learned_receiver_snr0_seed73001,learned_receiver,73001,0,165956,1048576,0.15826797485351562,1024,1024,1,dac411665082c63113dfc20dcf0baac1d158eee9d17bd8631389934b2d917430,9d52e17e822792aa16e8f56d42b43077038f290d92a3934ef8344bc6ae3a8e32
20260726T155403Z_neural_receiver_ai_phy.learned_qpsk_iq_calibration_v1,uncompensated_qpsk_snr2_seed71001,Uncompensated QPSK · 2 dB · seed 71001,baseline,20260726T155447Z_qpsk_iq_imbalance_receiver_calibration_post_training_benchmark__uncompensated_qpsk_snr2_seed71001,uncompensated_qpsk,71001,2,180151,1048576,0.17180538177490234,1024,1024,1,37aca1dbad548ec7966134d935afbe27520cb8c839be27ed94a2aa9ecff55a1d,bfd18a342ab08d91327e193f45901ce521ea8b5f70fb67e059448a2e314a4c54
20260726T155403Z_neural_receiver_ai_phy.learned_qpsk_iq_calibration_v1,calibrated_iq_oracle_snr2_seed71001,Calibrated I/Q oracle · 2 dB · seed 71001,reference,20260726T155449Z_qpsk_iq_imbalance_receiver_calibration_post_training_benchmark__calibrated_iq_oracle_snr2_seed71001,calibrated_iq_oracle,71001,2,109308,1048576,0.10424423217773438,1024,1024,1,770af0a959ebea68f16279489a95a87e28725ed9460e3ccde9355a4dc4a35185,b982667a9f86b38f89e8ed02a5fc94b46049aa39f10286a60080b75df86b67ed
20260726T155403Z_neural_receiver_ai_phy.learned_qpsk_iq_calibration_v1,learned_receiver_snr2_seed71001,Learned I/Q receiver · 2 dB · seed 71001,candidate,20260726T155452Z_qpsk_iq_imbalance_receiver_calibration_post_training_benchmark__learned_receiver_snr2_seed71001,learned_receiver,71001,2,109308,1048576,0.10424423217773438,1024,1024,1,aa55c51f6f23aa328925ebff2822a323795ca79a1fc3390038948273363a4970,ec80d9e94ec67f134378d86639e519e344d62461847fddad1ecf10995e99488f
20260726T155403Z_neural_receiver_ai_phy.learned_qpsk_iq_calibration_v1,uncompensated_qpsk_snr2_seed72001,Uncompensated QPSK · 2 dB · seed 72001,baseline,20260726T155454Z_qpsk_iq_imbalance_receiver_calibration_post_training_benchmark__uncompensated_qpsk_snr2_seed72001,uncompensated_qpsk,72001,2,180577,1048576,0.17221164703369141,1024,1024,1,3c493ef8d36c3dc0eb1bafa33d41ca32579475b5ed775c52078229c24f900a9c,cbdd797222c8cbf163ff77ec2bbe1ba7808f65845d3d35ba7c094e667d027ad1
20260726T155403Z_neural_receiver_ai_phy.learned_qpsk_iq_calibration_v1,calibrated_iq_oracle_snr2_seed72001,Calibrated I/Q oracle · 2 dB · seed 72001,reference,20260726T155457Z_qpsk_iq_imbalance_receiver_calibration_post_training_benchmark__calibrated_iq_oracle_snr2_seed72001,calibrated_iq_oracle,72001,2,109141,1048576,0.10408496856689453,1024,1024,1,8797ae7d637bea589e0e9d74c56291c6d2cde5cec11a346513f873257fd0098d,91b6057f51112c60cc91d9c85b68ed6559afc9f9e42ce503fdf66d61b36f7dda
20260726T155403Z_neural_receiver_ai_phy.learned_qpsk_iq_calibration_v1,learned_receiver_snr2_seed72001,Learned I/Q receiver · 2 dB · seed 72001,candidate,20260726T155459Z_qpsk_iq_imbalance_receiver_calibration_post_training_benchmark__learned_receiver_snr2_seed72001,learned_receiver,72001,2,109163,1048576,0.10410594940185547,1024,1024,1,3a96a447a28baf38615825ba5fef10a6e9870182fd20c01f039b978a520ae179,b85562305d4007b63248c8ac89193d93ff9d2824b8f6a54e065816a5edbdb96b
20260726T155403Z_neural_receiver_ai_phy.learned_qpsk_iq_calibration_v1,uncompensated_qpsk_snr2_seed73001,Uncompensated QPSK · 2 dB · seed 73001,baseline,20260726T155502Z_qpsk_iq_imbalance_receiver_calibration_post_training_benchmark__uncompensated_qpsk_snr2_seed73001,uncompensated_qpsk,73001,2,180443,1048576,0.17208385467529297,1024,1024,1,0637f0858ae2906443280a830acb879389cf724f94bff48e37ffe262551f1cf3,e4ed2b97139863dab9ffc03634911973b0f0f099c5aaa0689171058d7bebf0c0
20260726T155403Z_neural_receiver_ai_phy.learned_qpsk_iq_calibration_v1,calibrated_iq_oracle_snr2_seed73001,Calibrated I/Q oracle · 2 dB · seed 73001,reference,20260726T155504Z_qpsk_iq_imbalance_receiver_calibration_post_training_benchmark__calibrated_iq_oracle_snr2_seed73001,calibrated_iq_oracle,73001,2,108562,1048576,0.10353279113769531,1024,1024,1,d9f9b8a7e32e1ef5fe7ce05d5c39b41596ea3bf1b464e8ce6e557ba0c0fce26f,fba7d38614f10752fc85a699796cd1e2a437eba5ee3ffa305b9f19cf17e88f6c
20260726T155403Z_neural_receiver_ai_phy.learned_qpsk_iq_calibration_v1,learned_receiver_snr2_seed73001,Learned I/Q receiver · 2 dB · seed 73001,candidate,20260726T155506Z_qpsk_iq_imbalance_receiver_calibration_post_training_benchmark__learned_receiver_snr2_seed73001,learned_receiver,73001,2,108596,1048576,0.10356521606445312,1024,1024,1,6bbbb71b8839835b2207a3d718cd5d7af85dbc2e5e2e796252facabfc61ab63f,08f382455aac2c1c0f4d4dc224a91196b84f2fe4b859e08d2b60416373745fd4
20260726T155403Z_neural_receiver_ai_phy.learned_qpsk_iq_calibration_v1,uncompensated_qpsk_snr4_seed71001,Uncompensated QPSK · 4 dB · seed 71001,baseline,20260726T155509Z_qpsk_iq_imbalance_receiver_calibration_post_training_benchmark__uncompensated_qpsk_snr4_seed71001,uncompensated_qpsk,71001,4,142734,1048576,0.13612174987792969,1024,1024,1,628f9362c06afd6cde96d9632599b6b63112f955c45b792114f1f9723f027172,bb9cea3f4e8826fe1e5415f79c817ce59800bb450bbdf77d33ac7ca230125eae
20260726T155403Z_neural_receiver_ai_phy.learned_qpsk_iq_calibration_v1,calibrated_iq_oracle_snr4_seed71001,Calibrated I/Q oracle · 4 dB · seed 71001,reference,20260726T155512Z_qpsk_iq_imbalance_receiver_calibration_post_training_benchmark__calibrated_iq_oracle_snr4_seed71001,calibrated_iq_oracle,71001,4,59318,1048576,0.056570053100585938,1024,1024,1,07960ad2ebc1da2573505490070fbaac89bbcf12d1b3540749b98ff7fc45288d,92ed01cae893e646cbee3d5823c2dd211c86583d12ec001f61f50b2de0b31bf9
20260726T155403Z_neural_receiver_ai_phy.learned_qpsk_iq_calibration_v1,learned_receiver_snr4_seed71001,Learned I/Q receiver · 4 dB · seed 71001,candidate,20260726T155514Z_qpsk_iq_imbalance_receiver_calibration_post_training_benchmark__learned_receiver_snr4_seed71001,learned_receiver,71001,4,59347,1048576,0.056597709655761719,1024,1024,1,4e664324e41bc22ef15e30ded2fbfeaac1345c7b363d237c8b98a79ba2980528,0ba987ab3fd556b6ebd9ab619b0881a9ef5c90f48edc2478262c790d85578fdc
20260726T155403Z_neural_receiver_ai_phy.learned_qpsk_iq_calibration_v1,uncompensated_qpsk_snr4_seed72001,Uncompensated QPSK · 4 dB · seed 72001,baseline,20260726T155517Z_qpsk_iq_imbalance_receiver_calibration_post_training_benchmark__uncompensated_qpsk_snr4_seed72001,uncompensated_qpsk,72001,4,143160,1048576,0.13652801513671875,1024,1024,1,e6e88cb22b9dad0fe4b129beb259aa2911d21e27a723751647420444232c7c83,891ee50f9ba1d0061e7780d7be7ff5c51665329bd2ee84b030763c3cd74bf58f
20260726T155403Z_neural_receiver_ai_phy.learned_qpsk_iq_calibration_v1,calibrated_iq_oracle_snr4_seed72001,Calibrated I/Q oracle · 4 dB · seed 72001,reference,20260726T155520Z_qpsk_iq_imbalance_receiver_calibration_post_training_benchmark__calibrated_iq_oracle_snr4_seed72001,calibrated_iq_oracle,72001,4,59168,1048576,0.056427001953125,1024,1024,1,cda09e67134cbe5a14a2c6742b2a1e3effaecf1155392fed77c6eb872b405d90,d2d0eab4e2b02ab7afbbfcf3602e91623d5bb3b00827999b6252b1919188e758
20260726T155403Z_neural_receiver_ai_phy.learned_qpsk_iq_calibration_v1,learned_receiver_snr4_seed72001,Learned I/Q receiver · 4 dB · seed 72001,candidate,20260726T155522Z_qpsk_iq_imbalance_receiver_calibration_post_training_benchmark__learned_receiver_snr4_seed72001,learned_receiver,72001,4,59168,1048576,0.056427001953125,1024,1024,1,8c356ba5878440ccd9ccc950272fd163205c8e74eb19b17a64e7c862e24bc036,5e41b8314f284cb0dd5135a60a566eb580ce7e8d533b0cf6dce75f7e99175db5
20260726T155403Z_neural_receiver_ai_phy.learned_qpsk_iq_calibration_v1,uncompensated_qpsk_snr4_seed73001,Uncompensated QPSK · 4 dB · seed 73001,baseline,20260726T155525Z_qpsk_iq_imbalance_receiver_calibration_post_training_benchmark__uncompensated_qpsk_snr4_seed73001,uncompensated_qpsk,73001,4,143235,1048576,0.13659954071044922,1024,1024,1,2a92f891bfd24537f2fdbb6e5c29a73d52b8482d254f4dc2ea94ed77746e55c1,4f30e0bb377b9dc75eedf8eb838d2df3b1a65e30f9e43819958cf1e5ddd1de7e
20260726T155403Z_neural_receiver_ai_phy.learned_qpsk_iq_calibration_v1,calibrated_iq_oracle_snr4_seed73001,Calibrated I/Q oracle · 4 dB · seed 73001,reference,20260726T155528Z_qpsk_iq_imbalance_receiver_calibration_post_training_benchmark__calibrated_iq_oracle_snr4_seed73001,calibrated_iq_oracle,73001,4,58751,1048576,0.056029319763183594,1024,1024,1,fdbbdeaee7971c4977b923ecc8ce790221dcdf47f09b9925f5ae0f844da16dfc,606eb0882be067f78940f7d3fc801acc50684b98cf324b369ac99d01e6ae7a23
20260726T155403Z_neural_receiver_ai_phy.learned_qpsk_iq_calibration_v1,learned_receiver_snr4_seed73001,Learned I/Q receiver · 4 dB · seed 73001,candidate,20260726T155531Z_qpsk_iq_imbalance_receiver_calibration_post_training_benchmark__learned_receiver_snr4_seed73001,learned_receiver,73001,4,58806,1048576,0.056081771850585938,1024,1024,1,f768144ddab0bad62bda28b8fa4d1eaffde41e37f341cdcfc3af0ce43720bbdf,46bd6f6f886593d293756ac43295cdf398a01f2c9154961e06020fc74342d209
20260726T155403Z_neural_receiver_ai_phy.learned_qpsk_iq_calibration_v1,uncompensated_qpsk_snr6_seed71001,Uncompensated QPSK · 6 dB · seed 71001,baseline,20260726T155533Z_qpsk_iq_imbalance_receiver_calibration_post_training_benchmark__uncompensated_qpsk_snr6_seed71001,uncompensated_qpsk,71001,6,112464,1048576,0.1072540283203125,1024,1024,1,78e9f2f2abeb7b0fabc6df331fa94b6f3433ef889b5ed5b099158865984cebf7,ba60abab3333abf8a2edd4df2cebf65ef0816937e54e977a8cdd065a05c36bb5
20260726T155403Z_neural_receiver_ai_phy.learned_qpsk_iq_calibration_v1,calibrated_iq_oracle_snr6_seed71001,Calibrated I/Q oracle · 6 dB · seed 71001,reference,20260726T155536Z_qpsk_iq_imbalance_receiver_calibration_post_training_benchmark__calibrated_iq_oracle_snr6_seed71001,calibrated_iq_oracle,71001,6,24041,1048576,0.022927284240722656,1024,1024,1,23529810ffa03ae32febe72c5cab3fed92f60f6d0a7c963ad50eac3e7e7eb957,dcf1c4bd70d0d170943f298058bbac250c437c281d607cd64a001d1b7bcf733e
20260726T155403Z_neural_receiver_ai_phy.learned_qpsk_iq_calibration_v1,learned_receiver_snr6_seed71001,Learned I/Q receiver · 6 dB · seed 71001,candidate,20260726T155538Z_qpsk_iq_imbalance_receiver_calibration_post_training_benchmark__learned_receiver_snr6_seed71001,learned_receiver,71001,6,24057,1048576,0.022942543029785156,1024,1024,1,228f084d5cb237dc5f2845b7ed2f9f817aa76fbc524c99580526f394397bff61,68aab44061dcb04757c0b187500e18b92c4482f87650ca1d52471aa1cc74bd04
20260726T155403Z_neural_receiver_ai_phy.learned_qpsk_iq_calibration_v1,uncompensated_qpsk_snr6_seed72001,Uncompensated QPSK · 6 dB · seed 72001,baseline,20260726T155540Z_qpsk_iq_imbalance_receiver_calibration_post_training_benchmark__uncompensated_qpsk_snr6_seed72001,uncompensated_qpsk,72001,6,112825,1048576,0.10759830474853516,1024,1024,1,2c27196ef13b17c5d234cca756e1b8961a20362b348cd880b3e57a26e74d8721,819300fd0b68bd067fe60189b56a16865ba475b6f1032d15ddd871783b19b31a
20260726T155403Z_neural_receiver_ai_phy.learned_qpsk_iq_calibration_v1,calibrated_iq_oracle_snr6_seed72001,Calibrated I/Q oracle · 6 dB · seed 72001,reference,20260726T155543Z_qpsk_iq_imbalance_receiver_calibration_post_training_benchmark__calibrated_iq_oracle_snr6_seed72001,calibrated_iq_oracle,72001,6,23810,1048576,0.022706985473632812,1024,1024,1,e5272a153b2ded4e273816490f3054f6b38cd1c13799290b220611991ea27ab2,0c5ef24e5ee34f155282d0010bd7a3336467a7d08d9f7bc5c3e44aab24e0c9ae
20260726T155403Z_neural_receiver_ai_phy.learned_qpsk_iq_calibration_v1,learned_receiver_snr6_seed72001,Learned I/Q receiver · 6 dB · seed 72001,candidate,20260726T155545Z_qpsk_iq_imbalance_receiver_calibration_post_training_benchmark__learned_receiver_snr6_seed72001,learned_receiver,72001,6,23813,1048576,0.022709846496582031,1024,1024,1,9e5b0acf3f980fa9a680d86129ade7fc9deacd0f176c77c378c1f648ab10e59d,fdd2f9471861728e8591600fbc9aefd622b7928362e96e867a995e2b8800465b
20260726T155403Z_neural_receiver_ai_phy.learned_qpsk_iq_calibration_v1,uncompensated_qpsk_snr6_seed73001,Uncompensated QPSK · 6 dB · seed 73001,baseline,20260726T155548Z_qpsk_iq_imbalance_receiver_calibration_post_training_benchmark__uncompensated_qpsk_snr6_seed73001,uncompensated_qpsk,73001,6,112444,1048576,0.10723495483398438,1024,1024,1,07302139e4d65ed57cd451f97c3a43d69d02bc7c6905964dd10ef9af81166c95,d27acd68a314b05f50be1b985cd9b21c8a35125384880d139e8f2abb8f19377f
20260726T155403Z_neural_receiver_ai_phy.learned_qpsk_iq_calibration_v1,calibrated_iq_oracle_snr6_seed73001,Calibrated I/Q oracle · 6 dB · seed 73001,reference,20260726T155550Z_qpsk_iq_imbalance_receiver_calibration_post_training_benchmark__calibrated_iq_oracle_snr6_seed73001,calibrated_iq_oracle,73001,6,23817,1048576,0.022713661193847656,1024,1024,1,1565570985cb5f1fa2267825980bfbc0aaf807ca800572e71eb8936bc706bd13,b67a12a83bf2b9d63161140bd1900a653875b939be1f52a9a0a55caebeb6798d
20260726T155403Z_neural_receiver_ai_phy.learned_qpsk_iq_calibration_v1,learned_receiver_snr6_seed73001,Learned I/Q receiver · 6 dB · seed 73001,candidate,20260726T155552Z_qpsk_iq_imbalance_receiver_calibration_post_training_benchmark__learned_receiver_snr6_seed73001,learned_receiver,73001,6,23808,1048576,0.022705078125,1024,1024,1,8c813df89c72f54c2cfb32503a26d587be4dc4496c8651e1d0da5f3d9940d147,ce6bae68c9caf941d08858f0e9b79b20c7e8ae5c0436b5832970a6ea700d2104
20260726T155403Z_neural_receiver_ai_phy.learned_qpsk_iq_calibration_v1,uncompensated_qpsk_snr8_seed71001,Uncompensated QPSK · 8 dB · seed 71001,baseline,20260726T155555Z_qpsk_iq_imbalance_receiver_calibration_post_training_benchmark__uncompensated_qpsk_snr8_seed71001,uncompensated_qpsk,71001,8,88810,1048576,0.084695816040039062,1024,1024,1,33bf232930f8061221035fdc2b2557a4ce1d03ce840ded48543761074681229b,49875203ad7193faad59e7553fe851bdd719d5bbceb692e7f7afa5a02393384a
20260726T155403Z_neural_receiver_ai_phy.learned_qpsk_iq_calibration_v1,calibrated_iq_oracle_snr8_seed71001,Calibrated I/Q oracle · 8 dB · seed 71001,reference,20260726T155557Z_qpsk_iq_imbalance_receiver_calibration_post_training_benchmark__calibrated_iq_oracle_snr8_seed71001,calibrated_iq_oracle,71001,8,6396,1048576,0.006099700927734375,1023,1024,0.9990234375,842e6894c5a0138455e5274c25ea803469fc97bf0d25f4a25b7c140c50c15dd9,d915774fc8190a8882c5ab00511d4508e88700edea32ee5654ad3f7b330cfd47
20260726T155403Z_neural_receiver_ai_phy.learned_qpsk_iq_calibration_v1,learned_receiver_snr8_seed71001,Learned I/Q receiver · 8 dB · seed 71001,candidate,20260726T155600Z_qpsk_iq_imbalance_receiver_calibration_post_training_benchmark__learned_receiver_snr8_seed71001,learned_receiver,71001,8,6392,1048576,0.00609588623046875,1022,1024,0.998046875,ac9a2d1cc3089c3ef7a6b2e05920e7a3ccde86edb75321b5e5958615408bda35,ff1812bd2000ea71e4a8b46486365c89b6b6dbaf5f07c76a81e2d2b60dbf960d
20260726T155403Z_neural_receiver_ai_phy.learned_qpsk_iq_calibration_v1,uncompensated_qpsk_snr8_seed72001,Uncompensated QPSK · 8 dB · seed 72001,baseline,20260726T155602Z_qpsk_iq_imbalance_receiver_calibration_post_training_benchmark__uncompensated_qpsk_snr8_seed72001,uncompensated_qpsk,72001,8,88624,1048576,0.0845184326171875,1024,1024,1,4fed18e65b542ec8383c75c446681ef224c44b2f3676cf5c09b8f62370e7fa43,12fd5d3c6cd7be2c34403450fd2319effee1f89cfcf8dc9dbd1efb64ea4ea2c9
20260726T155403Z_neural_receiver_ai_phy.learned_qpsk_iq_calibration_v1,calibrated_iq_oracle_snr8_seed72001,Calibrated I/Q oracle · 8 dB · seed 72001,reference,20260726T155605Z_qpsk_iq_imbalance_receiver_calibration_post_training_benchmark__calibrated_iq_oracle_snr8_seed72001,calibrated_iq_oracle,72001,8,6319,1048576,0.0060262680053710938,1021,1024,0.9970703125,9c66e3faac299356334fdda304a4cfd43f4a23ed0e75e2ee6b15a65a677eca1e,261451ff59a4a4b2051564e46d37aab7bd8f10fd88deded0cb0471e10f3d28cb
20260726T155403Z_neural_receiver_ai_phy.learned_qpsk_iq_calibration_v1,learned_receiver_snr8_seed72001,Learned I/Q receiver · 8 dB · seed 72001,candidate,20260726T155607Z_qpsk_iq_imbalance_receiver_calibration_post_training_benchmark__learned_receiver_snr8_seed72001,learned_receiver,72001,8,6325,1048576,0.0060319900512695312,1019,1024,0.9951171875,bde030978cce587055e2ebab0704c0735e60e16cadca5a02b91075af4ea2043e,5e88fb73f38bdb6bd7e952d198c0f9c1db2ec84dc9240cd09c805b9a03af34d7
20260726T155403Z_neural_receiver_ai_phy.learned_qpsk_iq_calibration_v1,uncompensated_qpsk_snr8_seed73001,Uncompensated QPSK · 8 dB · seed 73001,baseline,20260726T155610Z_qpsk_iq_imbalance_receiver_calibration_post_training_benchmark__uncompensated_qpsk_snr8_seed73001,uncompensated_qpsk,73001,8,88500,1048576,0.084400177001953125,1024,1024,1,2fe06a48510ec5ccc16213c04b0897f1b701deef01ca11d78423f33b79b98af3,4fb166e2d31211a380e59e58215f001022bc00b8e177e7103ea9a90a67dd3b7c
20260726T155403Z_neural_receiver_ai_phy.learned_qpsk_iq_calibration_v1,calibrated_iq_oracle_snr8_seed73001,Calibrated I/Q oracle · 8 dB · seed 73001,reference,20260726T155612Z_qpsk_iq_imbalance_receiver_calibration_post_training_benchmark__calibrated_iq_oracle_snr8_seed73001,calibrated_iq_oracle,73001,8,6275,1048576,0.0059843063354492188,1022,1024,0.998046875,8fdf4721632d911843ba66653ccb8c4799ee3a40fd62b85cf43098a1fd00a2f6,30ed6a47dd4f663351a2967aa96def64e0b4a183ceb6c96b34fec6b7789d8e6b
20260726T155403Z_neural_receiver_ai_phy.learned_qpsk_iq_calibration_v1,learned_receiver_snr8_seed73001,Learned I/Q receiver · 8 dB · seed 73001,candidate,20260726T155615Z_qpsk_iq_imbalance_receiver_calibration_post_training_benchmark__learned_receiver_snr8_seed73001,learned_receiver,73001,8,6286,1048576,0.0059947967529296875,1022,1024,0.998046875,614f2a03d44df848a464558a36083ad86fbf97b19afd965b2bd7d6094f240d3f,3966ea698160813f22b55c70316a7c39ee48026dca9958f98c355b40bf54da16
20260726T155403Z_neural_receiver_ai_phy.learned_qpsk_iq_calibration_v1,uncompensated_qpsk_snr10_seed71001,Uncompensated QPSK · 10 dB · seed 71001,baseline,20260726T155618Z_qpsk_iq_imbalance_receiver_calibration_post_training_benchmark__uncompensated_qpsk_snr10_seed71001,uncompensated_qpsk,71001,10,69922,1048576,0.066682815551757812,1024,1024,1,f6ebd2d0a49ef86daafc4183eff00ef27dbb102dcbdaf686a6a6fa0989bacb71,f7712daf1e671038cc9e5fe328d45a4a50dc58288aa46553e1fa85002a266f19
20260726T155403Z_neural_receiver_ai_phy.learned_qpsk_iq_calibration_v1,calibrated_iq_oracle_snr10_seed71001,Calibrated I/Q oracle · 10 dB · seed 71001,reference,20260726T155621Z_qpsk_iq_imbalance_receiver_calibration_post_training_benchmark__calibrated_iq_oracle_snr10_seed71001,calibrated_iq_oracle,71001,10,815,1048576,0.00077724456787109375,570,1024,0.556640625,8cc121bd969bc307db50c72a327c67f6b14a167ef03fafe3e6f6306116441209,e8c2289df88c8b44f383957c8b3b1179c66c1a588815bf5fe8f602462110b635
20260726T155403Z_neural_receiver_ai_phy.learned_qpsk_iq_calibration_v1,learned_receiver_snr10_seed71001,Learned I/Q receiver · 10 dB · seed 71001,candidate,20260726T155624Z_qpsk_iq_imbalance_receiver_calibration_post_training_benchmark__learned_receiver_snr10_seed71001,learned_receiver,71001,10,819,1048576,0.00078105926513671875,567,1024,0.5537109375,56bd376185c07341a8eb210e1b28a2d2414c24756d653fe60487f07a6969f8c6,b3c1bb5813c18f1777ec221990a652a71b56fe8d4b9887c0f735e20d796a4c20
20260726T155403Z_neural_receiver_ai_phy.learned_qpsk_iq_calibration_v1,uncompensated_qpsk_snr10_seed72001,Uncompensated QPSK · 10 dB · seed 72001,baseline,20260726T155627Z_qpsk_iq_imbalance_receiver_calibration_post_training_benchmark__uncompensated_qpsk_snr10_seed72001,uncompensated_qpsk,72001,10,70035,1048576,0.066790580749511719,1024,1024,1,48b494f6576f58ed7dbb12b7f8974489aa12603eb604aeaac2368354468e9bc5,e4778b61092e22605767444985625fca48f8ecb9ce2f119a14997ad08e60a8f9
20260726T155403Z_neural_receiver_ai_phy.learned_qpsk_iq_calibration_v1,calibrated_iq_oracle_snr10_seed72001,Calibrated I/Q oracle · 10 dB · seed 72001,reference,20260726T155629Z_qpsk_iq_imbalance_receiver_calibration_post_training_benchmark__calibrated_iq_oracle_snr10_seed72001,calibrated_iq_oracle,72001,10,780,1048576,0.000743865966796875,564,1024,0.55078125,7ef314b8255d8d9f8a3832935985094d08e7d6c44b7caefcc154ef91f56f2b2c,296e103c8255c9896bfe29e93d491aa5d978a1d1688a5edd563fcf2791c9ef3e
20260726T155403Z_neural_receiver_ai_phy.learned_qpsk_iq_calibration_v1,learned_receiver_snr10_seed72001,Learned I/Q receiver · 10 dB · seed 72001,candidate,20260726T155632Z_qpsk_iq_imbalance_receiver_calibration_post_training_benchmark__learned_receiver_snr10_seed72001,learned_receiver,72001,10,776,1048576,0.00074005126953125,563,1024,0.5498046875,2f74ea3e3d3dd82947b5f0d7b5bb17c195a7a55b87875548405bf2bf5a0704ca,f47eb36c01437e14584106d869c647ce89605d709b1f96d876ec26f0244a6bbb
20260726T155403Z_neural_receiver_ai_phy.learned_qpsk_iq_calibration_v1,uncompensated_qpsk_snr10_seed73001,Uncompensated QPSK · 10 dB · seed 73001,baseline,20260726T155634Z_qpsk_iq_imbalance_receiver_calibration_post_training_benchmark__uncompensated_qpsk_snr10_seed73001,uncompensated_qpsk,73001,10,69884,1048576,0.066646575927734375,1024,1024,1,9f8de358b9b87df777013418f3e8620680ad9dd987835f6d50d0501d17c2751b,09f42aeebb99ff5d4149e4c68d776253f032be3233ce3715759aa028f88b7283
20260726T155403Z_neural_receiver_ai_phy.learned_qpsk_iq_calibration_v1,calibrated_iq_oracle_snr10_seed73001,Calibrated I/Q oracle · 10 dB · seed 73001,reference,20260726T155637Z_qpsk_iq_imbalance_receiver_calibration_post_training_benchmark__calibrated_iq_oracle_snr10_seed73001,calibrated_iq_oracle,73001,10,763,1048576,0.00072765350341796875,542,1024,0.529296875,7d2d6422488582450e512b4846e83da719a0f136d8bbf83351d8d49f463d7134,e2114f2f2b99c0266fdaf171868cf5d97807622de704f3e4081184491825afea
20260726T155403Z_neural_receiver_ai_phy.learned_qpsk_iq_calibration_v1,learned_receiver_snr10_seed73001,Learned I/Q receiver · 10 dB · seed 73001,candidate,20260726T155639Z_qpsk_iq_imbalance_receiver_calibration_post_training_benchmark__learned_receiver_snr10_seed73001,learned_receiver,73001,10,769,1048576,0.00073337554931640625,547,1024,0.5341796875,757512581585a4c0a61990c8fa8a5a12a8882b41f41fbffaee1af1d21bf66d69,3cb9b93aef7534b54db8a9760126123a682c1a6da747e398fef08cc4ffebd3e3
