method_id,method_label,role,snr_db,paired_seed,spectral_efficiency_bps_hz,rate_retention,nmse_db,phase_invariant_cosine,feedback_bits_per_sample,recipe_id,run_id,recipe_sha256,semantic_recipe_sha256
truncated_angular_delay,Truncated angular-delay,baseline,0,91001,3.01294994354,0.962694563712,-8.88604782366,0.943117917399,128,truncated_angular_delay_snr0_seed91001,20260727T125922Z_csi_feedback_sionna_train__truncated_angular_delay_snr0_seed91001,ac5820241185d7093748f802625c0915159ff5b2677a74e7fa386e20f5efd31a,535c79c5f0bbcbf7bcbe7977625e31e4885ace51e36d19ff0731573c75f4c5bf
matched_klt,Matched KLT/PCA,baseline,0,91001,3.10177707672,0.991076514897,-16.2699962365,0.988889680943,128,matched_klt_snr0_seed91001,20260727T125925Z_csi_feedback_sionna_train__matched_klt_snr0_seed91001,e8f9072cb50cbe259b7a73f8401ab6ce431eed8f8f72dcad054f6dda81614a68,87eeb8d42b3e13d8704375ce208e6f88bdb0bd7373db7e8db50f0651260cc7d8
learned_codec,Learned CSI codec,candidate,0,91001,3.10200047493,0.991147894855,-16.3135046789,0.988986182725,128,learned_codec_snr0_seed91001,20260727T125927Z_csi_feedback_sionna_train__learned_codec_snr0_seed91001,03b3f74a517a0e9f747527a78274ea658951b5bb95558ac1aebe5b532f9df776,c19510a43067dbc53aecd31bd4d4d6db5bc446c9d4c9168325450badadca73ec
perfect_csit,Perfect CSIT,upper_bound,0,91001,3.12970495224,1,-150,1.00000003201,,perfect_csit_snr0_seed91001,20260727T125928Z_csi_feedback_sionna_train__perfect_csit_snr0_seed91001,3a09a9a6a05412d739c64adcc80db7eede814a0c958ca10b925ea107063b2002,6a5fe893dc05cb8049ffffd8e65860304a87ccbf48e0e59bcb02a0ab70d898ab
truncated_angular_delay,Truncated angular-delay,baseline,0,92001,3.0168068409,0.962718139637,-8.84557271328,0.943207703182,128,truncated_angular_delay_snr0_seed92001,20260727T125929Z_csi_feedback_sionna_train__truncated_angular_delay_snr0_seed92001,912e4d5795360652fc3c040fd94ce043426df6c832e2f95edc712eb0934d0e7d,3283ed0fa5dd422475fb74d06951cdc9e19029f9ae8aa17db9b01465abb17929
matched_klt,Matched KLT/PCA,baseline,0,92001,3.10622882843,0.991254328403,-16.3328010644,0.989086892572,128,matched_klt_snr0_seed92001,20260727T125930Z_csi_feedback_sionna_train__matched_klt_snr0_seed92001,6caa279355c3f12fa280fb4097aebb8431d5bb2547811a524d299516e469eb42,fb2e46bb81f3b30b33f35af964238c869f233d5e706ea1fa8b7ade476f94b93a
learned_codec,Learned CSI codec,candidate,0,92001,3.10603570938,0.991192700589,-16.296875642,0.988973249216,128,learned_codec_snr0_seed92001,20260727T125932Z_csi_feedback_sionna_train__learned_codec_snr0_seed92001,2d4508141f54cd77acfa90b55590541d01f1e840f36497432fd92a855e6fc130,875f88da7828712570975eef4f6774d01dae7fc9eb24b8e92f67ba0e71922dc6
perfect_csit,Perfect CSIT,upper_bound,0,92001,3.13363456726,1,-150,1.00000003423,,perfect_csit_snr0_seed92001,20260727T125934Z_csi_feedback_sionna_train__perfect_csit_snr0_seed92001,872eec571c29302271f6603dbca587e8d8c149ebc14796720a695389019a9e60,296ebfdfa95df98ce8b7ec1ed0f34f499a95952d13ab437bd3aa8cf3f7486fd2
truncated_angular_delay,Truncated angular-delay,baseline,0,93001,3.00864219666,0.961249323386,-8.67950635172,0.94186516304,128,truncated_angular_delay_snr0_seed93001,20260727T125935Z_csi_feedback_sionna_train__truncated_angular_delay_snr0_seed93001,bed37ca70274f6b9918c380ca5fa195cb388343d6422423cb120be7deef2c2fd,2e6b0b04022fe794c808b2b8fe65888f330e3c210785c132290725977536c178
matched_klt,Matched KLT/PCA,baseline,0,93001,3.10313439369,0.991439207902,-16.4225553584,0.989363491768,128,matched_klt_snr0_seed93001,20260727T125937Z_csi_feedback_sionna_train__matched_klt_snr0_seed93001,1a0b4ddb44e38a6f0e8c20f947740939faa4d077004ed30ab049735f99771008,0e71398c404d1c047bbfad330370fa9d9f6a44a419c82c33668113fe348ef710
learned_codec,Learned CSI codec,candidate,0,93001,3.10322499275,0.991468153945,-16.4423970135,0.989373417338,128,learned_codec_snr0_seed93001,20260727T125938Z_csi_feedback_sionna_train__learned_codec_snr0_seed93001,857664766f12615e3ec33b59bb1b8b8effad1586dc9258e844ec8c3c40dfb386,83aceb96c250b3ed19730273e5c768d5ccd563e2801c8a9c2274fa7961a63f43
perfect_csit,Perfect CSIT,upper_bound,0,93001,3.1299290657,1,-150,1.0000000369,,perfect_csit_snr0_seed93001,20260727T125940Z_csi_feedback_sionna_train__perfect_csit_snr0_seed93001,eb1925460ed676d4a88138c71c282eacdf78d4034f37fef7c826be54a81e8db5,96605f412b4f88ec1d845c14272eaf355c314117defe1281169a3b4f49c5182d
truncated_angular_delay,Truncated angular-delay,baseline,5,91001,4.53938388824,0.972203720645,-8.88604782366,0.943117917399,128,truncated_angular_delay_snr5_seed91001,20260727T125942Z_csi_feedback_sionna_train__truncated_angular_delay_snr5_seed91001,b3fe57bb3e3a70144683687a4eadab09cc66d36111fcf131177631ba9e068530,aadcafed2f6044239cf51e245aaf443fc115648d49665f67143e9ea813ad00f8
matched_klt,Matched KLT/PCA,baseline,5,91001,4.63849544525,0.993430527378,-16.2699962365,0.988889680943,128,matched_klt_snr5_seed91001,20260727T125943Z_csi_feedback_sionna_train__matched_klt_snr5_seed91001,a8b102eac7eae88f56a8bb117f138985ec4c5f8a01e06a07c9c084020123223c,7a01aeca686ceb2f4f33dcf06e78a4268c7a3734ba882a3acaa94ba85b038051
learned_codec,Learned CSI codec,candidate,5,91001,4.63874053955,0.993483019433,-16.3135046789,0.988986182725,128,learned_codec_snr5_seed91001,20260727T125945Z_csi_feedback_sionna_train__learned_codec_snr5_seed91001,9b16128e9f1a9a064dd2002214acf115ed26d1a8f9541fe1d357fcc1c10beb7f,789f4affc0217a0bd569defe714329c03c8d79da44676c8ec32aba72769e8315
perfect_csit,Perfect CSIT,upper_bound,5,91001,4.66916942596,1,-150,1.00000003201,,perfect_csit_snr5_seed91001,20260727T125947Z_csi_feedback_sionna_train__perfect_csit_snr5_seed91001,0c438a560774b8958d78c6d46f70834d06e67971f485bbaeb66f6abcf9915a7c,0be10dbe7882a66fce78a8246cc00ae4b1e7948176f0b769d0495ff4d316a9b2
truncated_angular_delay,Truncated angular-delay,baseline,5,92001,4.54430246353,0.972274828499,-8.84557271328,0.943207703182,128,truncated_angular_delay_snr5_seed92001,20260727T125949Z_csi_feedback_sionna_train__truncated_angular_delay_snr5_seed92001,46c3f539b2f77f18e6d7f8d0a0d6df7b78d490eb50ed71912bed0acea0756a01,91e12b7a883585f658481fd1534e775413b27da42be6ecb74b68f879ea561bd3
matched_klt,Matched KLT/PCA,baseline,5,92001,4.64385318756,0.993574172878,-16.3328010644,0.989086892572,128,matched_klt_snr5_seed92001,20260727T125951Z_csi_feedback_sionna_train__matched_klt_snr5_seed92001,08b311072f33ecc8015ef1de23538013d116781b78471404010a0922b6a40615,f0994d5c8058434f422b10a4be27e51c6b46429a96c8b3c8b35072368926666c
learned_codec,Learned CSI codec,candidate,5,92001,4.64364528656,0.993529691484,-16.296875642,0.988973249216,128,learned_codec_snr5_seed92001,20260727T125952Z_csi_feedback_sionna_train__learned_codec_snr5_seed92001,bf7746646cd997593d43acf6ea3da51ea3cfb697e679451928f5ab2bf0adbd3e,7ebfe4e9360b2f7ff386b637b242557957d802d08887e076f3a7816533a65dab
perfect_csit,Perfect CSIT,upper_bound,5,92001,4.67388677597,1,-150,1.00000003423,,perfect_csit_snr5_seed92001,20260727T125954Z_csi_feedback_sionna_train__perfect_csit_snr5_seed92001,21360d832a4876d09f74ba498bb9df60e868665d401dfd7c1f31974502bf7bf5,3ab7ab0547df450bf9d9fccfd2087b76de5b9ded07ac5a5049bb7ca592dd7e71
truncated_angular_delay,Truncated angular-delay,baseline,5,93001,4.53441238403,0.971092159964,-8.67950635172,0.94186516304,128,truncated_angular_delay_snr5_seed93001,20260727T125956Z_csi_feedback_sionna_train__truncated_angular_delay_snr5_seed93001,3e7171ea9a95a1652aeeea0a95f46fa79260d76f879fa01fa0f05d1a04806a73,1afca345bca2a056b9eff24ca42d7c3fbef2ccd2f0572b495e8507292b1d7648
matched_klt,Matched KLT/PCA,baseline,5,93001,4.63998317719,0.993701256991,-16.4225553584,0.989363491768,128,matched_klt_snr5_seed93001,20260727T125958Z_csi_feedback_sionna_train__matched_klt_snr5_seed93001,89e89ec12a08e3f7778156b6c6c292552dad4455af03d377084d257f726bab87,4d7e975ffe749e287288127e51da89fd060f2295ee6ebc446291aa6fbf9dde6a
learned_codec,Learned CSI codec,candidate,5,93001,4.64008188248,0.993722395769,-16.4423970135,0.989373417338,128,learned_codec_snr5_seed93001,20260727T130000Z_csi_feedback_sionna_train__learned_codec_snr5_seed93001,2eb20582e488b180736f6312b8f7b82af0ac0d489e3545d2a90c8944e705b642,29c5c714000115b3ff4582606143883e742acc485271dc5cf2e2de0f83fc7529
perfect_csit,Perfect CSIT,upper_bound,5,93001,4.6693944931,1,-150,1.0000000369,,perfect_csit_snr5_seed93001,20260727T130002Z_csi_feedback_sionna_train__perfect_csit_snr5_seed93001,c12ddb349a4f9ca1c08e8f5d02bb9b137a3bf3c33162e79d6165628eee275465,026bd79ab37b84379eb7cb5b1622be6454d4e616d7a91c1c0e50940bb5bfe410
truncated_angular_delay,Truncated angular-delay,baseline,10,91001,6.15460920334,0.978586440955,-8.88604782366,0.943117917399,128,truncated_angular_delay_snr10_seed91001,20260727T130004Z_csi_feedback_sionna_train__truncated_angular_delay_snr10_seed91001,e54d7d283523a3f2c6804effeb8e92f34619075da5a3c3ba02069930a5c82d0e,7d5ce0aa9db2b63c91930a0fe0efb11dee0ed56b1c5b0ab7bf912c0eb45b1a23
matched_klt,Matched KLT/PCA,baseline,10,91001,6.25761127472,0.994963830179,-16.2699962365,0.988889680943,128,matched_klt_snr10_seed91001,20260727T130007Z_csi_feedback_sionna_train__matched_klt_snr10_seed91001,0fead7e464716711e63e2d4b2ab445da1f78eda07f76cc04f701eb871fcbb417,6ec2714738325caf213b4ddcf0890e289de5c2843d1e86bd9ae56df80ded71fa
learned_codec,Learned CSI codec,candidate,10,91001,6.25786447525,0.995004089211,-16.3135046789,0.988986182725,128,learned_codec_snr10_seed91001,20260727T130009Z_csi_feedback_sionna_train__learned_codec_snr10_seed91001,b1920fe7ae5f6b81968e411402c087ca462d06d9fe3d667fe53b3a4ae68d093e,4a14c3cba5b4183c2c477c96d5ba59b9dac064e06dc0a5ac7005ee032155322d
perfect_csit,Perfect CSIT,upper_bound,10,91001,6.28928470612,0.999999924183,-150,1.00000003201,,perfect_csit_snr10_seed91001,20260727T130011Z_csi_feedback_sionna_train__perfect_csit_snr10_seed91001,c40e6f7f3e9e455b8b883fdfb48fbd73b65516352e978154bdf3089ae6974df7,715222e6263590bcfd4add258270c6455c719ebc88ed108c9d80a47900daddfc
truncated_angular_delay,Truncated angular-delay,baseline,10,92001,6.15995788574,0.978655197278,-8.84557271328,0.943207703182,128,truncated_angular_delay_snr10_seed92001,20260727T130013Z_csi_feedback_sionna_train__truncated_angular_delay_snr10_seed92001,bb8392e3bdb3bd660bd0101c1d5faf3dba0c76ce56fef9c8d01dceded825cf19,9ed76fd451d6c6bd3e51152a31bcae1cdc32fef3e2a49fdc1255dc4eea4801c6
matched_klt,Matched KLT/PCA,baseline,10,92001,6.26332378387,0.995077318225,-16.3328010644,0.989086892572,128,matched_klt_snr10_seed92001,20260727T130015Z_csi_feedback_sionna_train__matched_klt_snr10_seed92001,451a63aab67ce3f88a1a70336ff4bcde81400a8be7aa7d1cff3b781e695e9b12,678abe585f711f37b536efecea4c14c31e825ec9cc56a5844c3ba7aa192f98a5
learned_codec,Learned CSI codec,candidate,10,92001,6.26310968399,0.995043303388,-16.296875642,0.988973249216,128,learned_codec_snr10_seed92001,20260727T130018Z_csi_feedback_sionna_train__learned_codec_snr10_seed92001,ef829477b0c1ecadaf367e8ab01a6dedb81e2db584c9b399bf2b092809b5dcfb,623e4bcce9e1d047ff1fb32abc376d9475d81d395ad386c8303e9d9e1cf56e11
perfect_csit,Perfect CSIT,upper_bound,10,92001,6.29430866241,1,-150,1.00000003423,,perfect_csit_snr10_seed92001,20260727T130020Z_csi_feedback_sionna_train__perfect_csit_snr10_seed92001,d38f93255f6394cb5ba56e7ab13fb2a53ff5fab1bb676b0831407a2b756d31c1,f965e532f434b6f21432221ea6ba06e9568700b31a29c969fb54a8a9a80e9416
truncated_angular_delay,Truncated angular-delay,baseline,10,93001,6.14926671982,0.977703032855,-8.67950635172,0.94186516304,128,truncated_angular_delay_snr10_seed93001,20260727T130022Z_csi_feedback_sionna_train__truncated_angular_delay_snr10_seed93001,565af0ffab015bc487c1a136ec4e5cdef8c8e83c93fae458b10f701d2de8dc62,52f7187d60077329a229e70e5b9814114082e96be325ad8a9fbab619b324dd6e
matched_klt,Matched KLT/PCA,baseline,10,93001,6.25913906097,0.995172192362,-16.4225553584,0.989363491768,128,matched_klt_snr10_seed93001,20260727T130025Z_csi_feedback_sionna_train__matched_klt_snr10_seed93001,96b826bd9aa6dc65ad44b4f15325f42bfbe7faf1d876b21c9417c64e38c78d51,c468dd0d3aec9cdaf996440ec4a0ca33e8cb1db1720b3c34dd3266073874ea5b
learned_codec,Learned CSI codec,candidate,10,93001,6.25924062729,0.995188340904,-16.4423970135,0.989373417338,128,learned_codec_snr10_seed93001,20260727T130027Z_csi_feedback_sionna_train__learned_codec_snr10_seed93001,c05c4b7f13acaa0f7ac573f2685e585b6895f0550752cb7ad22216ba19e9728a,6ba062e5ebe9fc3c14d91d21926bcb60f515e7af5ea048d3388f092b9703fccd
perfect_csit,Perfect CSIT,upper_bound,10,93001,6.28950357437,1,-150,1.0000000369,,perfect_csit_snr10_seed93001,20260727T130030Z_csi_feedback_sionna_train__perfect_csit_snr10_seed93001,bc4f67b8bad808979b6a190b7e3b85e38c0b5ceb09cc48e4a30b561a626d83a1,84eb77627cab00f30b84e4d641006c520d69444b9a038cfe6b3e7e8f7c044aaf
truncated_angular_delay,Truncated angular-delay,baseline,15,91001,7.80074357986,0.98282480927,-8.88604782366,0.943117917399,128,truncated_angular_delay_snr15_seed91001,20260727T130032Z_csi_feedback_sionna_train__truncated_angular_delay_snr15_seed91001,c4324f7fd82275f70fcd4a7db2bd4d7e01c8c47fdd8ee34fa5c4b79f55cee65c,5e0cdae543a179dfed6e70ded74420362c60875ab089fea5401e1413f794f5c0
matched_klt,Matched KLT/PCA,baseline,15,91001,7.9050579071,0.99596749339,-16.2699962365,0.988889680943,128,matched_klt_snr15_seed91001,20260727T130035Z_csi_feedback_sionna_train__matched_klt_snr15_seed91001,620c5d361252e3fc0b2017006e120ede58f04d3d5a739d2565db9517dcadf84a,8a20c67fe85b2070c5bba232ab58b22e7e31f32b9d7b1ab2bb8e505989e40acd
learned_codec,Learned CSI codec,candidate,15,91001,7.9053144455,0.995999814962,-16.3135046789,0.988986182725,128,learned_codec_snr15_seed91001,20260727T130037Z_csi_feedback_sionna_train__learned_codec_snr15_seed91001,1534f310f5c6546ddbce3984a49b5463530d12c48e5f0f460c87d0cbcb570626,07945b6d127ff641213a3194ab116c2adc54edb88743353d1f4ebd2655f68818
perfect_csit,Perfect CSIT,upper_bound,15,91001,7.93706417084,1,-150,1.00000003201,,perfect_csit_snr15_seed91001,20260727T130040Z_csi_feedback_sionna_train__perfect_csit_snr15_seed91001,d3cfbcd6f9eea3b7f7f96961daf92134aad42c807f278ce1ce20ead527b1abc4,3e19d95dc221c13a0163a4ece16bf2d97516f021c2195cd14889b8a60568ff8d
truncated_angular_delay,Truncated angular-delay,baseline,15,92001,7.80623912811,0.982882306189,-8.84557271328,0.943207703182,128,truncated_angular_delay_snr15_seed92001,20260727T130042Z_csi_feedback_sionna_train__truncated_angular_delay_snr15_seed92001,50b940e5cface5c4072c44546917ab651161ade44d8c93ffee6871f956067cb6,b066ea50a8fceb0c1a93536f3ff5587791e67aae49ff583a5cf1bd0fd091deb6
matched_klt,Matched KLT/PCA,baseline,15,92001,7.9108915329,0.996059073551,-16.3328010644,0.989086892572,128,matched_klt_snr15_seed92001,20260727T130045Z_csi_feedback_sionna_train__matched_klt_snr15_seed92001,1d10f847c4a38ed73f316ea34065a4c6174a429897ad092818d336143f11b426,5ed6acbb0dd884cfd0ae8d9607f342d1c105be425974dfe46c7106922a85103d
learned_codec,Learned CSI codec,candidate,15,92001,7.91067552567,0.996031876115,-16.296875642,0.988973249216,128,learned_codec_snr15_seed92001,20260727T130048Z_csi_feedback_sionna_train__learned_codec_snr15_seed92001,f7c2d597d73e819a3ffac2782b9f4952f067a2d3b38a38d6ac08b496677c9e01,eb903a46c03dac4780eeaf625ed0c0a3c4b8e47844f0e0270fa9976067d67407
perfect_csit,Perfect CSIT,upper_bound,15,92001,7.94219112396,1,-150,1.00000003423,,perfect_csit_snr15_seed92001,20260727T130050Z_csi_feedback_sionna_train__perfect_csit_snr15_seed92001,dea95a8f960c638364106d3d4a473a529073bb660aad531e2577c637b32e91e0,570391d73143f5f7279439d9539d0348d16eec8dfe06b85263d37f7e9dbd24be
truncated_angular_delay,Truncated angular-delay,baseline,15,93001,7.79522800446,0.98210322653,-8.67950635172,0.94186516304,128,truncated_angular_delay_snr15_seed93001,20260727T130053Z_csi_feedback_sionna_train__truncated_angular_delay_snr15_seed93001,d92b777fea8f798c1e5b7a04e8047fd76c67add7fa1746f275f3ac274b42bf0f,99520111018dcb54294aa22ef2bbb40cb07999838b75442699882d5cb009c016
matched_klt,Matched KLT/PCA,baseline,15,93001,7.9065990448,0.996134613169,-16.4225553584,0.989363491768,128,matched_klt_snr15_seed93001,20260727T130056Z_csi_feedback_sionna_train__matched_klt_snr15_seed93001,fe4b47e39d6821345365960ed4e9752f0e45f13b3e752f03c7329db7607c84db,1b09a3eb4b831ebd2e5feb64198f856807a9934a77becaba39a537b0414b1ba7
learned_codec,Learned CSI codec,candidate,15,93001,7.90670061111,0.99614740928,-16.4423970135,0.989373417338,128,learned_codec_snr15_seed93001,20260727T130059Z_csi_feedback_sionna_train__learned_codec_snr15_seed93001,d6bb0be9ffb6419f22a18b5c7c03caa0bffff89ca19bf3fa7da7dd80963abe82,8a6dde62c7791e9b96937a9c3a3e6fa5059dde4ec8a8e6d4b1005e5608ec327c
perfect_csit,Perfect CSIT,upper_bound,15,93001,7.93727970123,1,-150,1.0000000369,,perfect_csit_snr15_seed93001,20260727T130102Z_csi_feedback_sionna_train__perfect_csit_snr15_seed93001,ffaf7795e872f88a51774a2c9ee6c1b1cbff9eaea6b6b636c9826bf527b8fcf0,a8c82b7f25016656a0cd51741bf5bdedab6d93ba8da9746b5219df36f014ebcf
truncated_angular_delay,Truncated angular-delay,baseline,20,91001,9.45697975159,0.985735488791,-8.88604782366,0.943117917399,128,truncated_angular_delay_snr20_seed91001,20260727T130104Z_csi_feedback_sionna_train__truncated_angular_delay_snr20_seed91001,fae03f60927a7432a87cfd099dd60ee8d2e525739ce5ea1346a7f77d2af33fec,a8aaa09ca35689bb37a2bad20fcd89fa98b4f44c83819d18b87ffc6d7e3653ef
matched_klt,Matched KLT/PCA,baseline,20,91001,9.56171798706,0.996652737051,-16.2699962365,0.988889680943,128,matched_klt_snr20_seed91001,20260727T130107Z_csi_feedback_sionna_train__matched_klt_snr20_seed91001,b43f43fcc368eba541341563e07e4d64f66644337a440409b4569cf40888c522,b9c85f1544a5dcff444e424b921d9dd7beaf5329e2a6eab0460a451e0944e741
learned_codec,Learned CSI codec,candidate,20,91001,9.56197547913,0.996679576388,-16.3135046789,0.988986182725,128,learned_codec_snr20_seed91001,20260727T130110Z_csi_feedback_sionna_train__learned_codec_snr20_seed91001,47939f50bf525dff92ccfe496dc15726f8d4b851c97b1f90aae6ed45505e52d2,0a831cfd1a44badc4f063f344b7d3199e3684522613d4da617643b43e24adb1c
perfect_csit,Perfect CSIT,upper_bound,20,91001,9.59383201599,1.0000000994,-150,1.00000003201,,perfect_csit_snr20_seed91001,20260727T130113Z_csi_feedback_sionna_train__perfect_csit_snr20_seed91001,cd51a3463be819823af674db738fc17c24e308cfc091e57f1bae77cf48256748,0343ca093efd038da340027f4e73bd200d95ce0b5cbaaa729cb7901fb599fa0f
truncated_angular_delay,Truncated angular-delay,baseline,20,92001,9.46252346039,0.985783096572,-8.84557271328,0.943207703182,128,truncated_angular_delay_snr20_seed92001,20260727T130116Z_csi_feedback_sionna_train__truncated_angular_delay_snr20_seed92001,aec0d0dc9efa3e8346fff2187e9f9efb4d38504eb3c3eb8ab0de5c0f0f9d1803,28dc4a16c2e3aec5241d1d3e9759375548b3a5aad58b047bcccecc827d0e7351
matched_klt,Matched KLT/PCA,baseline,20,92001,9.5675907135,0.996728752089,-16.3328010644,0.989086892572,128,matched_klt_snr20_seed92001,20260727T130119Z_csi_feedback_sionna_train__matched_klt_snr20_seed92001,4a7d257e9cf39ce498ff1b9ce95e5250504a1d802d72fcadd8affc4dcee3ae68,af44236c8bedd3a2812fde54e1f214c3a0a58d24b840c2e4cd482f4b68220cff
learned_codec,Learned CSI codec,candidate,20,92001,9.56737422943,0.996706199296,-16.296875642,0.988973249216,128,learned_codec_snr20_seed92001,20260727T130122Z_csi_feedback_sionna_train__learned_codec_snr20_seed92001,a853fc2d615be1c47c8964e5d6ef199e12d6022ddf9a4849d8f605f6469be45a,17e065d435eec2427d68698fdf259f75f11c340a4dfc4dc9c5da3a8d2e31775d
perfect_csit,Perfect CSIT,upper_bound,20,92001,9.59899139404,1,-150,1.00000003423,,perfect_csit_snr20_seed92001,20260727T130126Z_csi_feedback_sionna_train__perfect_csit_snr20_seed92001,ba993f268573603e40de9154ed2f5dcc45e335fd0982fa6355de6924c0b89493,cdb694ac7f432e6e1b0428d4cca0baca51f051516e784dba032b7aed8975e28c
truncated_angular_delay,Truncated angular-delay,baseline,20,93001,9.45139694214,0.985131538637,-8.67950635172,0.94186516304,128,truncated_angular_delay_snr20_seed93001,20260727T130129Z_csi_feedback_sionna_train__truncated_angular_delay_snr20_seed93001,0f56986461b7bd35108a20650da2a2a47e054d06c5321daa08291fc49fd57bae,7cd02b7cb3a35954416d19964d59121b37fd8b59df6a04c500cba0356beba31d
matched_klt,Matched KLT/PCA,baseline,20,93001,9.56326293945,0.996791478721,-16.4225553584,0.989363491768,128,matched_klt_snr20_seed93001,20260727T130132Z_csi_feedback_sionna_train__matched_klt_snr20_seed93001,43e0ee4dc524add44f9302cef7771b955cd522c48a931b2376b7f651a0161392,91ac35bd839c8463103e0f0874231d203f4f31971b8ea66610ec01fdd18b0f55
learned_codec,Learned CSI codec,candidate,20,93001,9.56336402893,0.99680201541,-16.4423970135,0.989373417338,128,learned_codec_snr20_seed93001,20260727T130135Z_csi_feedback_sionna_train__learned_codec_snr20_seed93001,d3e646b5c5377ef2610e28e1c9667d0d91996b96472bd779c03211279cb2ec24,19dabe324f136a0d40d7e4264c35baff57074d024e1586e16922f589f3de51ec
perfect_csit,Perfect CSIT,upper_bound,20,93001,9.59404563904,1,-150,1.0000000369,,perfect_csit_snr20_seed93001,20260727T130138Z_csi_feedback_sionna_train__perfect_csit_snr20_seed93001,218f8ac0f65a9bb20c13620c501652881f83d5b46f7e3ac18e1b1c20bf3b8ac8,87738fc5a8931d6a580ef9b4003f66cdefa956ef87d8124be06897488e8f2f74
