frame_symbol_index,true_phase_rad,pilot_smoothing_phase_rad,pilot_smoothing_error_rad,decision_directed_pll_phase_rad,decision_directed_pll_error_rad,learned_receiver_phase_rad,learned_receiver_error_rad,oracle_phase_phase_rad,oracle_phase_error_rad
0,-1.65456902981,-1.36040258408,0.294166445732,-1.73948931694,-0.0849202871323,-1.45859479904,0.195974230766,-1.65456902981,0
3,-1.74737691879,-1.68029892445,0.0670779943466,-1.71040928364,0.0369676351547,-1.73774695396,0.00962996482849,-1.74737691879,0
7,-1.74015974998,-1.67340040207,0.0667593479156,-1.68510115147,0.0550585985184,-1.7467186451,-0.00655889511108,-1.74015974998,0
10,-1.72431957722,-1.7223495245,0.00197005271912,-1.71699619293,0.00732338428497,-1.81547880173,-0.0911592245102,-1.72431957722,0
14,-1.7874199152,-1.4250702858,0.362349629402,-1.66093099117,0.126488924026,-1.55441582203,0.23300409317,-1.7874199152,0
17,-1.7649204731,-1.33964443207,0.425276041031,-1.46741366386,0.297506809235,-1.40886247158,0.356058001518,-1.7649204731,0
21,-1.8096678257,-1.36526405811,0.444403767586,-1.25816035271,0.551507472992,-1.61386275291,0.195805072784,-1.8096678257,0
24,-1.75915956497,-1.38447868824,0.374680876732,-1.25049161911,0.508667945862,-1.6545265913,0.104632973671,-1.75915956497,0
28,-1.75516438484,-1.41009819508,0.345066189766,-1.35682022572,0.398344159126,-1.65590918064,0.0992552042007,-1.75516438484,0
31,-1.83814263344,-1.4293128252,0.408829808235,-1.42691659927,0.411226034164,-1.65564882755,0.182493805885,-1.83814263344,0
35,-1.80192375183,-1.38456404209,0.41735970974,-1.5041873455,0.297736406326,-1.5588722229,0.243051528931,-1.80192375183,0
38,-1.78646838665,-1.33341038227,0.453058004379,-1.53764307499,0.248825311661,-1.571205616,0.215262770653,-1.78646838665,0
42,-1.54833126068,-1.2652053833,0.28312587738,-1.67924523354,-0.130913972855,-1.52879881859,0.0195324420929,-1.54833126068,0
45,-1.46436321735,-1.21405172348,0.250311493874,-1.61115384102,-0.146790623665,-1.54674470425,-0.0823814868927,-1.46436321735,0
49,-1.50636029243,-1.14584684372,0.360513448715,-1.434237957,0.072122335434,-1.19423997402,0.312120318413,-1.50636029243,0
52,-1.5117866993,-1.14181017876,0.369976520538,-1.32587921619,0.185907483101,-1.26743507385,0.244351625443,-1.5117866993,0
56,-1.5181697607,-1.13642787933,0.381741881371,-1.37877106667,0.139398694038,-1.38045704365,0.137712717056,-1.5181697607,0
59,-1.40825712681,-1.13239133358,0.275865793228,-1.27533793449,0.132919192314,-1.20985043049,0.19840669632,-1.40825712681,0
63,-1.26071274281,-1.12700903416,0.133703708649,-1.2635986805,-0.00288593769073,-1.26652312279,-0.00581037998199,-1.26071274281,0
66,-1.24796366692,-1.1229724884,0.124991178513,-1.19607162476,0.05189204216,-1.17779898643,0.070164680481,-1.24796366692,0
70,-1.22118651867,-1.06124138832,0.159945130348,-1.05339157581,0.167794942856,-1.10183286667,0.119353652,-1.22118651867,0
73,-1.26860952377,-1.01494300365,0.253666520119,-0.866747558117,0.401861965656,-1.1322838068,0.136325716972,-1.26860952377,0
77,-1.22841012478,-0.953211903572,0.275198221207,-0.999657690525,0.228752434254,-1.18459141254,0.0438187122345,-1.22841012478,0
80,-1.12346887589,-0.90691357851,0.216555297375,-1.01942944527,0.104039430618,-1.19320249557,-0.0697336196899,-1.12346887589,0
84,-0.996830224991,-0.856097042561,0.14073318243,-1.00158405304,-0.00475382804871,-0.948130071163,0.0487001538277,-0.996830224991,0
87,-1.01548135281,-0.842542409897,0.172938942909,-0.81581556797,0.199665784836,-0.899209737778,0.116271615028,-1.01548135281,0
91,-0.941170334816,-0.824469566345,0.116700768471,-0.767150640488,0.174019694328,-0.854813456535,0.0863568782806,-0.941170334816,0
94,-0.946461498737,-0.810914993286,0.135546505451,-0.812060594559,0.134400904179,-0.858355283737,0.0881062150002,-0.946461498737,0
98,-0.839632809162,-0.792842149734,0.0467906594276,-0.841034471989,-0.00140166282654,-0.864065408707,-0.0244325995445,-0.839632809162,0
101,-0.836272776127,-0.785669386387,0.05060338974,-0.87976449728,-0.0434917211533,-0.903358995914,-0.0670862197876,-0.836272776127,0
105,-0.852057099342,-0.793123960495,0.0589331388474,-0.815236210823,0.0368208885193,-0.755643546581,0.0964135527611,-0.852057099342,0
108,-0.899874150753,-0.798714876175,0.101159274578,-0.750817894936,0.149056255817,-0.69083738327,0.209036767483,-0.899874150753,0
112,-0.93554598093,-0.806169450283,0.129376530647,-0.804409623146,0.131136357784,-0.718552529812,0.216993451118,-0.93554598093,0
116,-0.850149273872,-0.813624024391,0.0365252494812,-0.732371687889,0.117777585983,-0.747238874435,0.102910399437,-0.850149273872,0
119,-0.811554968357,-0.797382056713,0.014172911644,-0.702169954777,0.10938501358,-0.793482065201,0.0180729031563,-0.811554968357,0
123,-0.724663436413,-0.761170864105,-0.0365074276924,-0.699443399906,0.0252200365067,-0.697370231152,0.0272932052612,-0.724663436413,0
126,-0.619993746281,-0.73401248455,-0.11401873827,-0.50918918848,0.1108045578,-0.705851972103,-0.0858582258224,-0.619993746281,0
130,-0.595584630966,-0.697801232338,-0.102216601372,-0.630414664745,-0.0348300337791,-0.612269878387,-0.0166852474213,-0.595584630966,0
133,-0.524512648582,-0.670642852783,-0.146130204201,-0.614308953285,-0.0897963047028,-0.624537289143,-0.10002464056,-0.524512648582,0
137,-0.572647333145,-0.625363230705,-0.0527158975601,-0.524659872055,0.0479874610901,-0.570464611053,0.00218272209167,-0.572647333145,0
140,-0.517407894135,-0.58913642168,-0.0717285275459,-0.495513170958,0.021894723177,-0.533686637878,-0.0162787437439,-0.517407894135,0
144,-0.467797666788,-0.540834069252,-0.0730364024639,-0.618475079536,-0.150677412748,-0.586993157864,-0.119195491076,-0.467797666788,0
147,-0.592133820057,-0.504607260227,0.0875265598297,-0.613010168076,-0.0208763480186,-0.613879561424,-0.0217457413673,-0.592133820057,0
151,-0.52537804842,-0.456304848194,0.0690732002258,-0.650582611561,-0.125204563141,-0.6091979146,-0.0838198661804,-0.52537804842,0
154,-0.533093035221,-0.416476875544,0.116616159678,-0.711465299129,-0.178372263908,-0.564463317394,-0.0313702821732,-0.533093035221,0
158,-0.379081249237,-0.363372921944,0.0157083272934,-0.523158848286,-0.144077599049,-0.322829216719,0.0562520325184,-0.379081249237,0
161,-0.356398433447,-0.323544949293,0.0328534841537,-0.613641381264,-0.257242947817,-0.306451499462,0.0499469339848,-0.356398433447,0
165,-0.336474269629,-0.270440965891,0.0660333037376,-0.477931767702,-0.141457498074,-0.260278344154,0.0761959254742,-0.336474269629,0
168,-0.239140972495,-0.23061299324,0.00852797925472,-0.353283703327,-0.114142730832,-0.16411024332,0.0750307291746,-0.239140972495,0
172,-0.196882143617,-0.206776857376,-0.00989471375942,-0.432941347361,-0.236059203744,-0.148710846901,0.0481712967157,-0.196882143617,0
175,-0.187899947166,-0.188899740577,-0.000999793410301,-0.311747997999,-0.123848050833,-0.0850197598338,0.102880187333,-0.187899947166,0
179,-0.151667460799,-0.165063604712,-0.0133961439133,-0.262444347143,-0.110776886344,-0.113153897226,0.0385135635734,-0.151667460799,0
182,-0.133952528238,-0.147186487913,-0.0132339596748,-0.241089016199,-0.107136487961,-0.11360168457,0.020350843668,-0.133952528238,0
186,-0.062792994082,-0.11840070039,-0.0556077063084,-0.111297734082,-0.0485047399998,-0.114193990827,-0.0514009967446,-0.062792994082,0
189,-0.0915598645806,-0.085674636066,0.00588522851467,-0.209299460053,-0.117739595473,-0.16321541369,-0.071655549109,-0.0915598645806,0
193,-0.153591930866,-0.0420398898423,0.111552041024,-0.106234453619,0.0473574772477,-0.0561761446297,0.0974157862365,-0.153591930866,0
196,-0.152949169278,-0.00931382644922,0.143635342829,-0.0266164019704,0.126332767308,-0.0344823859632,0.118466783315,-0.152949169278,0
200,-0.0171359926462,0.0343209244311,0.0514569170773,0.0107113048434,0.0278472974896,-0.0050589684397,0.0120770242065,-0.0171359926462,0
203,-0.0694044753909,0.0557852014899,0.125189676881,0.0349437966943,0.104348272085,0.0520519241691,0.12145639956,-0.0694044753909,0
207,-0.00774057395756,0.0543728135526,0.0621133875102,0.0992460846901,0.106986658648,-0.00956974737346,-0.0018291734159,-0.00774057395756,0
210,-0.0677374899387,0.0533135198057,0.121051009744,0.137268468738,0.205005958676,-0.0578141398728,0.00992335006595,-0.0677374899387,0
214,-0.0632403120399,0.0519011318684,0.115141443908,0.110609665513,0.173849977553,0.10743188113,0.17067219317,-0.0632403120399,0
217,-0.0504744760692,0.0508418418467,0.101316317916,0.0857665464282,0.136241022497,0.0981109142303,0.1485853903,-0.0504744760692,0
221,0.0850253775716,0.0583858452737,-0.0266395322978,0.0370628684759,-0.0479625090957,0.0180870741606,-0.066938303411,0.0850253775716,0
225,0.0916225984693,0.0748862400651,-0.0167363584042,0.137821048498,0.0461984500289,0.167633265257,0.0760106667876,0.0916225984693,0
228,0.143866986036,0.0872615352273,-0.056605450809,0.220902979374,0.0770359933376,0.158727496862,0.0148605108261,0.143866986036,0
232,0.178519144654,0.103761933744,-0.0747572109103,0.203863054514,0.0253439098597,0.17986240983,0.00134326517582,0.178519144654,0
235,0.095213919878,0.116137228906,0.0209233090281,0.246863737702,0.151649817824,0.218863606453,0.123649686575,0.095213919878,0
239,0.189534381032,0.135857030749,-0.0536773502827,0.219400927424,0.0298665463924,0.214105531573,0.0245711505413,0.189534381032,0
242,0.113025479019,0.151451736689,0.0384262576699,0.19208624959,0.0790607705712,0.183585807681,0.0705603286624,0.113025479019,0
246,0.183941230178,0.172244668007,-0.011696562171,0.0642557293177,-0.11968550086,0.216081187129,0.0321399569511,0.183941230178,0
249,0.248620450497,0.187839359045,-0.0607810914516,0.110386833549,-0.138233616948,0.289725840092,0.041105389595,0.248620450497,0
253,0.288327664137,0.208632305264,-0.0796953588724,0.109515704215,-0.178811959922,0.283221453428,-0.00510621070862,0.288327664137,0
256,0.332879722118,0.23496350646,-0.0979162156582,0.266904979944,-0.0659747421741,0.534866631031,0.201986908913,0.332879722118,0
260,0.398669779301,0.270071804523,-0.128597974777,0.311986714602,-0.0866830646992,0.355918616056,-0.0427511632442,0.398669779301,0
263,0.412136167288,0.29640302062,-0.115733146667,0.410491138697,-0.00164502859116,0.573286294937,0.161150127649,0.412136167288,0
267,0.54408788681,0.331511288881,-0.212576597929,0.564346671104,0.0202587842941,0.595234572887,0.0511466860771,0.54408788681,0
270,0.37295243144,0.357842504978,-0.0151099264622,0.616200864315,0.243248432875,0.539097249508,0.166144818068,0.37295243144,0
274,0.493085563183,0.393682092428,-0.0994034707546,0.710461974144,0.217376410961,0.607647955418,0.114562392235,0.493085563183,0
277,0.532902657986,0.420561760664,-0.112340897322,0.736798107624,0.203895449638,0.502893149853,-0.0300095081329,0.532902657986,0
281,0.508816838264,0.456401318312,-0.0524155199528,0.74312376976,0.234306931496,0.608911156654,0.10009431839,0.508816838264,0
284,0.452042520046,0.48328101635,0.0312384963036,0.688049197197,0.236006677151,0.539410471916,0.08736795187,0.452042520046,0
288,0.406285107136,0.52940839529,0.123123288155,0.734738767147,0.328453660011,0.574971854687,0.168686747551,0.406285107136,0
291,0.521102249622,0.587151408195,0.0660491585732,0.723702549934,0.202600300312,0.471709549427,-0.0493927001953,0.521102249622,0
295,0.513255417347,0.664142131805,0.150886714458,0.853418409824,0.340162992477,0.569365799427,0.0561103820801,0.513255417347,0
298,0.44091579318,0.721885144711,0.28096935153,0.766397476196,0.325481683016,0.591140151024,0.150224357843,0.44091579318,0
302,0.665699243546,0.79887586832,0.133176624775,0.891276955605,0.225577712059,0.700802505016,0.0351032614708,0.665699243546,0
305,0.677771985531,0.846989870071,0.169217884541,0.884511768818,0.206739783287,0.724350750446,0.0465787649155,0.677771985531,0
309,0.590247094631,0.885464310646,0.295217216015,0.825521409512,0.23527431488,0.642517626286,0.0522705316544,0.590247094631,0
312,0.594361901283,0.914320111275,0.319958209991,0.745983421803,0.151621520519,0.637521207333,0.0431593060493,0.594361901283,0
316,0.743572890759,0.952794611454,0.209221720695,0.777847528458,0.0342746376991,0.695673346519,-0.047899544239,0.743572890759,0
319,0.739930331707,0.981650412083,0.241720080376,0.66904181242,-0.0708885192871,0.67267280817,-0.0672575235367,0.739930331707,0
323,0.703772008419,1.01695537567,0.313183367252,0.665885746479,-0.03788626194,0.662208735943,-0.0415632724762,0.703772008419,0
326,0.73065161705,1.04105699062,0.310405373573,0.578111231327,-0.152540385723,0.693956613541,-0.0366950035095,0.73065161705,0
330,0.914734959602,1.07319235802,0.158457398415,0.512116491795,-0.402618467808,0.966769516468,0.0520345568657,0.914734959602,0
333,1.02747964859,1.09729397297,0.069814324379,0.400474876165,-0.627004772425,1.04207110405,0.0145914554596,1.02747964859,0
337,1.09507775307,1.12942945957,0.0343517065048,0.420474559069,-0.674603193998,1.09028887749,-0.00478887557983,1.09507775307,0
341,1.13299417496,1.13022482395,-0.00276935100555,0.72975051403,-0.403243660927,1.15527391434,0.0222797393799,1.13299417496,0
344,1.06169235706,1.12298631668,0.0612939596176,0.884118855,-0.177573502064,1.14629614353,0.0846037864685,1.06169235706,0
348,1.13258516788,1.11333489418,-0.0192502737045,1.04278290272,-0.0898022651672,1.10067129135,-0.0319138765335,1.13258516788,0
351,1.02841687202,1.10609638691,0.0776795148849,1.0906624794,0.0622456073761,1.14741051197,0.118993639946,1.02841687202,0
355,1.03189742565,1.09644508362,0.0645476579666,1.21912074089,0.187223315239,1.10040462017,0.068507194519,1.03189742565,0
358,0.949817895889,1.10054135323,0.150723457336,1.13706862926,0.187250733376,1.08630728722,0.136489391327,0.949817895889,0
362,0.903211951256,1.10600316525,0.202791213989,1.1922454834,0.289033532143,1.10764026642,0.204428315163,0.903211951256,0
365,0.981091380119,1.11009943485,0.129008054733,1.13035333157,0.149261951447,1.15331089497,0.172219514847,0.981091380119,0
369,0.964697420597,1.11556112766,0.150863707066,1.14254188538,0.177844464779,1.09354794025,0.128850519657,0.964697420597,0
372,0.881740510464,1.11965739727,0.237916886806,1.15114533901,0.269404828548,1.15704584122,0.275305330753,0.881740510464,0
376,0.886349380016,1.09016692638,0.203817546368,1.15040266514,0.264053285122,1.14247536659,0.256125986576,0.886349380016,0
379,0.892864346504,1.06804907322,0.175184726715,1.12244391441,0.229579567909,1.11104035378,0.218176007271,0.892864346504,0
383,1.00032556057,1.03855860233,0.0382330417633,1.25371742249,0.253391861916,1.16132557392,0.161000013351,1.00032556057,0
386,1.04549753666,1.01644074917,-0.0290567874908,1.33688616753,0.291388630867,1.13778924942,0.0922917127609,1.04549753666,0
390,1.09476292133,0.997812390327,-0.0969505310059,1.24481368065,0.150050759315,1.03671813011,-0.0580447912216,1.09476292133,0
393,1.09808409214,1.0082808733,-0.0898032188416,1.40870881081,0.310624718666,1.11554741859,0.0174633264542,1.09808409214,0
397,1.18535923958,1.02223873138,-0.163120508194,1.37496674061,0.18960750103,1.16747403145,-0.0178852081299,1.18535923958,0
400,1.36417782307,1.03270721436,-0.331470608711,1.34725701809,-0.0169208049774,1.2440059185,-0.120171904564,1.36417782307,0
404,1.31966757774,1.04666519165,-0.273002386093,1.28994834423,-0.0297192335129,1.20264828205,-0.117019295692,1.31966757774,0
407,1.32318150997,1.05219006538,-0.270991444588,1.2273324728,-0.0958490371704,1.234988451,-0.0881930589676,1.32318150997,0
411,1.45198667049,1.04637408257,-0.405612587929,1.33676040173,-0.115226268768,1.3691163063,-0.0828703641891,1.45198667049,0
414,1.48325002193,1.04201197624,-0.441238045692,1.34184098244,-0.141409039497,1.26774311066,-0.215506911278,1.48325002193,0
418,1.36711382866,1.03619587421,-0.330917954445,1.5104432106,0.143329381943,1.41542327404,0.0483094453812,1.36711382866,0
421,1.36729514599,1.0318338871,-0.335461258888,1.41944766045,0.0521525144577,1.37053453922,0.00323939323425,1.36729514599,0
425,1.38447487354,1.07024252415,-0.314232349396,1.48364341259,0.0991685390472,1.37357878685,-0.0108960866928,1.38447487354,0
428,1.3511377573,1.13221752644,-0.218920230865,1.5256114006,0.174473643303,1.53497958183,0.183841824532,1.3511377573,0
432,1.35269224644,1.21485090256,-0.13784134388,1.49389016628,0.141197919846,1.48606324196,0.133370995522,1.35269224644,0
435,1.38890063763,1.27682590485,-0.11207473278,1.51239037514,0.123489737511,1.49700653553,0.108105897903,1.38890063763,0
439,1.4047164917,1.35945928097,-0.0452572107315,1.46277153492,0.0580550432205,1.49356007576,0.0888435840607,1.4047164917,0
442,1.45787763596,1.40535950661,-0.0525181293488,1.43209993839,-0.0257776975632,1.56049931049,0.102621674538,1.45787763596,0
446,1.67406177521,1.45584321022,-0.218218564987,1.45451438427,-0.219547390938,1.6961864233,0.0221246480942,1.67406177521,0
450,1.67672455311,1.50632679462,-0.170397758484,1.52248549461,-0.154239058495,1.69716536999,0.0204408168793,1.67672455311,0
453,1.79113614559,1.54418957233,-0.246946573257,1.54121804237,-0.249918103218,1.69528651237,-0.0958496332169,1.79113614559,0
457,1.80120408535,1.59467327595,-0.206530809402,1.52982568741,-0.271378397942,1.71995174885,-0.0812523365021,1.80120408535,0
460,1.91267979145,1.67734897137,-0.235330820084,1.55080389977,-0.361875891685,1.82493388653,-0.0877459049225,1.91267979145,0
464,2.03337287903,1.78758335114,-0.245789527893,1.68462657928,-0.348746299744,1.94929242134,-0.0840804576874,2.03337287903,0
467,2.05721378326,1.87025904655,-0.18695473671,1.64701735973,-0.410196423531,1.96743607521,-0.0897777080536,2.05721378326,0
471,2.09923005104,1.98049342632,-0.118736624718,1.91908407211,-0.180145978928,2.04033637047,-0.0588936805725,2.09923005104,0
474,2.0874774456,2.06316924095,-0.0243082046509,1.93007791042,-0.157399535179,2.12316799164,0.0356905460358,2.0874774456,0
478,2.15205430984,2.16408801079,0.012033700943,2.03061723709,-0.121437072754,2.19076180458,0.0387074947357,2.15205430984,0
481,2.31798934937,2.23977708817,-0.0782122612,2.21509361267,-0.102895736694,2.26486802101,-0.0531213283539,2.31798934937,0
485,2.37057209015,2.340695858,-0.0298762321472,2.30028653145,-0.0702855587006,2.31911230087,-0.0514597892761,2.37057209015,0
488,2.47203326225,2.41638493538,-0.0556483268738,2.36065745354,-0.111375808716,2.32278680801,-0.149246454239,2.47203326225,0
492,2.50959396362,2.51744675636,0.00785279273987,2.44636106491,-0.0632328987122,2.44307136536,-0.0665225982666,2.50959396362,0
495,2.52500891685,2.59356427193,0.068555355072,2.50291776657,-0.0220911502838,2.35098576546,-0.174023151398,2.52500891685,0
499,2.57346367836,2.6950545311,0.121590852737,2.48850440979,-0.0849592685699,2.41657185555,-0.156891822815,2.57346367836,0
502,2.83325886726,2.77117204666,-0.0620868206024,2.57989668846,-0.253362178802,2.57009339333,-0.263165473938,2.83325886726,0
506,2.83444833755,2.87266230583,0.038213968277,2.65508913994,-0.179359197617,2.65151596069,-0.182932376862,2.83444833755,0
509,2.90349960327,2.93669080734,0.033191204071,2.64545035362,-0.258049249649,2.70064878464,-0.202850818634,2.90349960327,0
513,2.98843407631,2.98982453346,0.00139045715332,2.5779979229,-0.410436153412,2.79046273232,-0.197971343994,2.98843407631,0
516,2.84996247292,3.02967476845,0.179712295532,2.66536188126,-0.18460059166,2.85092997551,0.000967502593994,2.84996247292,0
520,2.94609165192,3.08280873299,0.13671708107,2.63888978958,-0.307201862335,2.90053296089,-0.0455586910248,2.94609165192,0
523,2.98574900627,3.12265896797,0.1369099617,2.83213090897,-0.153618097305,2.97395801544,-0.0117909908295,2.98574900627,0
527,3.13913607597,3.18406820297,0.0449321269989,2.9618499279,-0.177286148071,3.04191279411,-0.0972232818604,3.13913607597,0
530,3.2682557106,3.2363319397,-0.0319237709045,3.05587387085,-0.212381839752,3.12799906731,-0.140256643295,3.2682557106,0
534,3.41485786438,3.30601668358,-0.108841180801,3.3776986599,-0.037159204483,3.2705385685,-0.144319295883,3.41485786438,0
537,3.40666007996,3.3582804203,-0.0483796596527,3.42395830154,0.0172982215881,3.31974196434,-0.0869181156158,3.40666007996,0
541,3.5077316761,3.42796516418,-0.0797665119171,3.51621341705,0.00848174095154,3.36609315872,-0.14163851738,3.5077316761,0
544,3.55957484245,3.48022866249,-0.0793461799622,3.53777074814,-0.0218040943146,3.44113993645,-0.118434906006,3.55957484245,0
548,3.75779795647,3.54991364479,-0.207884311676,3.6086666584,-0.149131298065,3.60616397858,-0.15163397789,3.75779795647,0
551,3.89023351669,3.6021771431,-0.288056373596,3.75284838676,-0.137385129929,3.68421959877,-0.206013917923,3.89023351669,0
555,3.818557024,3.67186188698,-0.146695137024,3.92933154106,0.110774517059,3.84996056557,0.0314035415649,3.818557024,0
559,3.85075712204,3.74154686928,-0.109210252762,3.88068628311,0.0299291610718,3.77271294594,-0.0780441761017,3.85075712204,0
