method,run_id,snr_db,bit_errors,compared_bits,ber,block_errors,compared_blocks,bler,authored_recipe_sha256,effective_recipe_sha256,data_seed,wireless_seed,carrier_impairment_seed,trained_artifact_manifest_sha256
uncompensated,20260723T222123Z_qpsk_pilot_phase_tracking_2048_snapshot__channel.snr_db_-2__receiver.mode_uncompensated,-2.0,919,2048,0.44873046875,2,2,1.0,2b6dc62ff771cebcdcc6d45965c2dd8d105924818e9b2eaa386a3f80c8ed9659,01960889ffabfca8e81c33398d324de57ae1215e67198df35178314c182b6a4f,23,23001,23002,
uncompensated,20260723T222129Z_qpsk_pilot_phase_tracking_2048_snapshot__channel.snr_db_2__receiver.mode_uncompensated,2.0,894,2048,0.4365234375,2,2,1.0,5f802c5dfc150c5cfe4eb50d428cd510e1edbc1a840c71f5027f42a66bcb98cc,1382274e8afd3520051313376a0847f0155e82e3d851ce3b3a0abb93621b0fc3,23,23001,23002,
uncompensated,20260723T222134Z_qpsk_pilot_phase_tracking_2048_snapshot__channel.snr_db_6__receiver.mode_uncompensated,6.0,894,2048,0.4365234375,2,2,1.0,006b8de030ab7f35b068b5219946b14886f32efefd640ef587e9100bc84cbce0,69918194b5bc2c1d3dbe837ab41608b7a592308145b4b017732faa3a44857b44,23,23001,23002,
uncompensated,20260723T222141Z_qpsk_pilot_phase_tracking_2048_snapshot__channel.snr_db_10__receiver.mode_uncompensated,10.0,903,2048,0.44091796875,2,2,1.0,ab1aad814d9426a0e18c0158ece8220a1a5c5a8bec20a60a676e97146c399e53,cf8bb5ea6137d2daecfaeed438230e1b07911b031d3c02e0f90f48f95e9183e1,23,23001,23002,
pilot_smoothing,20260723T222124Z_qpsk_pilot_phase_tracking_2048_snapshot__channel.snr_db_-2__receiver.mode_pilot_smoothing,-2.0,537,2048,0.26220703125,2,2,1.0,8154bd66ea4a1030b500ace78e558677057e7f207d3ddbf59b9da5515f7c0af1,7c01e6dd692e8579165d1dfa712a5314b1a8d2d2691666278e5923d041753698,23,23001,23002,
pilot_smoothing,20260723T222130Z_qpsk_pilot_phase_tracking_2048_snapshot__channel.snr_db_2__receiver.mode_pilot_smoothing,2.0,257,2048,0.12548828125,2,2,1.0,c216b8c626caa496242a6530ce5277c2ef096ab2dddcc3e1f61a005d7e213286,061d8a0f69f0f39655e50f55cbe6394218a2fa22f10d67dbf0930853a771fded,23,23001,23002,
pilot_smoothing,20260723T222136Z_qpsk_pilot_phase_tracking_2048_snapshot__channel.snr_db_6__receiver.mode_pilot_smoothing,6.0,72,2048,0.03515625,2,2,1.0,cd8d16239d6ff282e7083509ca322f988a7a283eaa8693e11eb5ecafdd1201ba,b7664cc089b217d59bcb958cc34a39eb80874d97c762180d805a87fcabcba179,23,23001,23002,
pilot_smoothing,20260723T222143Z_qpsk_pilot_phase_tracking_2048_snapshot__channel.snr_db_10__receiver.mode_pilot_smoothing,10.0,4,2048,0.001953125,2,2,1.0,dc8c3e7316dc257003f0cd8a3885a2c343a0da1783e3edee716b0ffd92dec68c,0e7e47da6d24458682a8dec9fea676faffcc32588304778954f76e2074c07203,23,23001,23002,
decision_directed_pll,20260723T222125Z_qpsk_pilot_phase_tracking_2048_snapshot__channel.snr_db_-2__receiver.mode_decision_directed_pll,-2.0,902,2048,0.4404296875,2,2,1.0,08a418cf08135b53b17388d4eef841ee75ff14a501447d74202a1b89f5f49544,9930d4508b92da0626c5e0b81dc0b26ec2b8622209bee8b9d462b474d421a48f,23,23001,23002,
decision_directed_pll,20260723T222131Z_qpsk_pilot_phase_tracking_2048_snapshot__channel.snr_db_2__receiver.mode_decision_directed_pll,2.0,741,2048,0.36181640625,2,2,1.0,b15bfe0214d37ee0354b8a8ca82b99a92ab2c8c3e2ec2a5673613e5e0a9db841,e1c5e781d7a8e7da6d662acdc566fd0681401495286f2bb1d91f2306300fcda1,23,23001,23002,
decision_directed_pll,20260723T222137Z_qpsk_pilot_phase_tracking_2048_snapshot__channel.snr_db_6__receiver.mode_decision_directed_pll,6.0,71,2048,0.03466796875,2,2,1.0,086e92cd9bef8ab89646654130e6d307e7b6aecfd1808b9baa8ebf333871ed0f,043d8a2de91f4ccb64ad1c9d69d83788b529daf02f823b8d313257197b984739,23,23001,23002,
decision_directed_pll,20260723T222144Z_qpsk_pilot_phase_tracking_2048_snapshot__channel.snr_db_10__receiver.mode_decision_directed_pll,10.0,4,2048,0.001953125,2,2,1.0,8381ad8405729d0f79586472fa5eede75716f364a095842ee7f0a4e29d5a007f,b6c9490344b93608e0f9ebaaf723b810ecdcd6ab184fe11752778f1ecced5d98,23,23001,23002,
oracle,20260723T222126Z_qpsk_pilot_phase_tracking_2048_snapshot__channel.snr_db_-2__receiver.mode_oracle,-2.0,417,2048,0.20361328125,2,2,1.0,bc01975f9af13f373e64546f73a941b1e757808aa022c7db6cda2fba04a7d967,6818a91719b550f819fc3a964b0fd7c85b76c13a486f6ca3191ad09e5e7da8a9,23,23001,23002,
oracle,20260723T222132Z_qpsk_pilot_phase_tracking_2048_snapshot__channel.snr_db_2__receiver.mode_oracle,2.0,212,2048,0.103515625,2,2,1.0,3b6c677dbe660d1617e0d6e9ae2f5c5954bd14888471c74e99053dc257c18f51,418179f1d7774fcc1f9b57e67be50eb456de92205b079f60eb836947c9fb543f,23,23001,23002,
oracle,20260723T222138Z_qpsk_pilot_phase_tracking_2048_snapshot__channel.snr_db_6__receiver.mode_oracle,6.0,47,2048,0.02294921875,2,2,1.0,92f3d5ff1e21ec9f19e3548f467a97162957e84e64a376a0d23d5c2f7885e7ba,7dd788cabe64dd8ddaf17b3de8fd59d4cfc6fd06b04b845bd8278d890e558a5e,23,23001,23002,
oracle,20260723T222145Z_qpsk_pilot_phase_tracking_2048_snapshot__channel.snr_db_10__receiver.mode_oracle,10.0,2,2048,0.0009765625,2,2,1.0,6b9ad5755cc811a687032293b0cc63fae710823f10bdcd6fedeee6bcfb2dd343,8a9f839be0d8d10b1191f39c4fbdafedcb88c537ada129d16b80b3b2999cccc8,23,23001,23002,
learned_artifact,20260723T222128Z_qpsk_pilot_phase_tracking_2048_snapshot__channel.snr_db_-2__receiver.mode_learned_artifact,-2.0,490,2048,0.2392578125,2,2,1.0,e027d36268236ce9d01a5fc1323b3c299537565c519668efbea24cb12918cd3f,bd083177440f1c385f74726d8feb6cb715b23ac7c8605e05534461550ae0e96e,23,23001,23002,bd65fd3dcda38be6671580429dda348d66b16a564ff7306ddacfef14899bcef1
learned_artifact,20260723T222133Z_qpsk_pilot_phase_tracking_2048_snapshot__channel.snr_db_2__receiver.mode_learned_artifact,2.0,227,2048,0.11083984375,2,2,1.0,a206d1a4557d6f46f82d0ee8b339e39c8e93635da42101add291d92aebfb7428,32f8d5bec66a78f72c020e943da760a8f18cc2963123bf976fa8df8309f5b110,23,23001,23002,bd65fd3dcda38be6671580429dda348d66b16a564ff7306ddacfef14899bcef1
learned_artifact,20260723T222140Z_qpsk_pilot_phase_tracking_2048_snapshot__channel.snr_db_6__receiver.mode_learned_artifact,6.0,54,2048,0.0263671875,2,2,1.0,a979dae11d34128edd76e682e40b9028bf3b043ddef54f6904e2bf8da52e5a08,e70d7ca75f5b1400644f5f13f8ecca9a28e3ab3a5b61ca3240936a4ac69d30b3,23,23001,23002,bd65fd3dcda38be6671580429dda348d66b16a564ff7306ddacfef14899bcef1
learned_artifact,20260723T222147Z_qpsk_pilot_phase_tracking_2048_snapshot__channel.snr_db_10__receiver.mode_learned_artifact,10.0,2,2048,0.0009765625,1,2,0.5,0fa3b92273a581033cac9bffa13bcbd731c70fd422e65f798569e0fa334c6bc5,70ab0c82471438e805dd33c3e01a598ff9215bfe5ab7003aeb583baccd9e5bbe,23,23001,23002,bd65fd3dcda38be6671580429dda348d66b16a564ff7306ddacfef14899bcef1
