method_id,method_label,role,snr_db,paired_seed,localization.rmse_m,localization.mae_m,task.score,recipe_id,run_id,recipe_sha256,semantic_recipe_sha256
trilateration,Linear trilateration,baseline,0,81001,5.12420654297,4.2255449295,0.163286458904,trilateration_snr0_seed81001,20260823T124144Z_range_based_wireless_localization__trilateration_snr0_seed81001,7a806762932de358619a9d92ddf4d0fa84b229acc0a7c652412a9c7cd1bd7713,16c18ce3d344f13850335b7681c3161412475457e9acff3338645d9a81effcd1
trilateration,Linear trilateration,baseline,0,82001,5.76034450531,5.12636899948,0.147921455662,trilateration_snr0_seed82001,20260823T124144Z_range_based_wireless_localization__trilateration_snr0_seed82001,a080511bebc4304ed615d140569c32f981ce7353041eff78f226066e53b7248a,f87472266f9df47526eced4874236f17ad73fcd61dbabafdddec406f1e35f8a4
trilateration,Linear trilateration,baseline,0,83001,4.9988656044,4.31141424179,0.166698183614,trilateration_snr0_seed83001,20260823T124145Z_range_based_wireless_localization__trilateration_snr0_seed83001,c2169b17370fc65fa8d170f48fe5f26cc0d79110d3d40c78ea6d2c3e891ab5a5,e40f24537ca1f5c4f5bbed52cbf01a03134d93c7c29e8b4102dff1acad897ea1
regularized_trilateration,Regularized trilateration,baseline,0,81001,4.87084054947,4.01388216019,0.170333360542,regularized_trilateration_snr0_seed81001,20260823T124144Z_range_based_wireless_localization__regularized_trilateration_snr0_seed81001,95d337dd984d6db50a1287bb09ff582d641a8c9be4e5f7e1a950654173a29896,94193101b419aefe4112715d0ec3b0c90f80daacd5d1798047876cd6e50fb17d
regularized_trilateration,Regularized trilateration,baseline,0,82001,5.56249046326,4.95620918274,0.152381173824,regularized_trilateration_snr0_seed82001,20260823T124145Z_range_based_wireless_localization__regularized_trilateration_snr0_seed82001,9afe15ba6e64b13bb51aaa92be7323f2708dd3efb4245e7da4707c189e38e928,f76a71d34f80dd0696ac009f3f4dccfe31b8e8de459dee06370520b7548a338f
regularized_trilateration,Regularized trilateration,baseline,0,83001,4.81098175049,4.16264390945,0.172087960854,regularized_trilateration_snr0_seed83001,20260823T124145Z_range_based_wireless_localization__regularized_trilateration_snr0_seed83001,05ea8c8199341d8340379706f0816b3ca838175c68f3a08b1069922ac6cd2412,a00874bc5c80d0cdd9b10231975a40f75091fa6b711514e59ab667a90bb11ac6
learned_localizer,Learned residual localizer,candidate,0,81001,4.2517156601,3.51158833504,0.19041396464,learned_localizer_snr0_seed81001,20260823T124144Z_range_based_wireless_localization__learned_localizer_snr0_seed81001,468b17d881955b73505e8b911cb883164139184601bcb594fdbf4e84321d3ba5,7d21f3d46409d23332f54cb4ce261dd1edb0cdcd7b8824ef6953d95896bd9a59
learned_localizer,Learned residual localizer,candidate,0,82001,5.15523433685,4.72452020645,0.16246335156,learned_localizer_snr0_seed82001,20260823T124145Z_range_based_wireless_localization__learned_localizer_snr0_seed82001,418a53911de23280d2a61f8d16c6df2eea19d5b1b725d59e4c9d44ed41479968,155af1e8d351a141088be42a36a6312bc2cf3fe218aba3ad7f40896e93d72aad
learned_localizer,Learned residual localizer,candidate,0,83001,4.19691848755,3.62866854668,0.19242172114,learned_localizer_snr0_seed83001,20260823T124146Z_range_based_wireless_localization__learned_localizer_snr0_seed83001,ccc0361f46793619fe844d2f5b16999cd9dfc542ac1adcde338c80078cc2301c,08ba87132d2e39524d65d25d8b7dc0f5d525c44929ed9c5378f752e7bcf1180e
trilateration,Linear trilateration,baseline,15,81001,0.909189581871,0.758626639843,0.523782451725,trilateration_snr15_seed81001,20260823T124146Z_range_based_wireless_localization__trilateration_snr15_seed81001,5587ec92071dd6a7af893e71cf5466a3c431c72160c6e71c309b0f028246d859,705c890ca41e40814b0e98a14b3255b0da38c285d4a65decf9879ef09012a99a
trilateration,Linear trilateration,baseline,15,82001,1.02338981628,0.906513988972,0.494220140851,trilateration_snr15_seed82001,20260823T124147Z_range_based_wireless_localization__trilateration_snr15_seed82001,96b0ad0c405b7a57dfb3b88b57b986d8818f8e6fb32f14e09cc4aa18498951a7,81b80bf3f1e5417f0702ceddd956b5a638c64932f248748c213b01497e13e83d
trilateration,Linear trilateration,baseline,15,83001,0.90374237299,0.790502846241,0.525281158936,trilateration_snr15_seed83001,20260823T124148Z_range_based_wireless_localization__trilateration_snr15_seed83001,3404f9450d141150685889ba409d9a17c3600e6cd5ccbd4c96c9a046ecce0c9d,bd72a153bcd9edf09c4e4e0add8123f408f61b240f5cbb73fdcd6270ec7b3edb
regularized_trilateration,Regularized trilateration,baseline,15,81001,0.890379548073,0.742332160473,0.528994296949,regularized_trilateration_snr15_seed81001,20260823T124146Z_range_based_wireless_localization__regularized_trilateration_snr15_seed81001,f60dab6fc81c9dd4b11843612bc72f61c4fdc46134dd5af05498698d00cb5c69,48cafac485a61fcbecd8e1b93758e7c2f26e0f987398e71bc3c056ab562aa96c
regularized_trilateration,Regularized trilateration,baseline,15,82001,1.0889081955,0.964588344097,0.478718979683,regularized_trilateration_snr15_seed82001,20260823T124147Z_range_based_wireless_localization__regularized_trilateration_snr15_seed82001,d017dbfe72deb665221a74f737b3c14d3fbaa45b02b35ed2589e1667f6b806e3,b641571e9fbf1124b6a60457116380d88edb6bcb9d794923265067f3d5ec595b
regularized_trilateration,Regularized trilateration,baseline,15,83001,0.95467454195,0.861173331738,0.511594118887,regularized_trilateration_snr15_seed83001,20260823T124148Z_range_based_wireless_localization__regularized_trilateration_snr15_seed83001,6834a3ee4ac72071f13490cb809add0efcc225643c950093470b70987eed54fa,9048e61113c93f58e895ef6ed9d03daef26170d277a76b3478f62fdbcb412eb6
learned_localizer,Learned residual localizer,candidate,15,81001,1.15589916706,1.02703583241,0.463843585673,learned_localizer_snr15_seed81001,20260823T124146Z_range_based_wireless_localization__learned_localizer_snr15_seed81001,db598aafde6cc4d6854db0e0b3302bf4a55beb446f4ac9efbea5c6671d4265c1,036fe8dba208286db0f1d7dda57f55cad1883d760ab9227732008ee6551c8b17
learned_localizer,Learned residual localizer,candidate,15,82001,1.57147204876,1.41742622852,0.388882313725,learned_localizer_snr15_seed82001,20260823T124147Z_range_based_wireless_localization__learned_localizer_snr15_seed82001,03610a1aa7a1247d568df2ff87db8f676ed2a3c70ff2e67886b0c3b5934c13e6,0498fe409728f27c56d2eaf011b5c1e906b5f0612cad6882126d452f0e2b716b
learned_localizer,Learned residual localizer,candidate,15,83001,1.39709150791,1.25622451305,0.417172225883,learned_localizer_snr15_seed83001,20260823T124148Z_range_based_wireless_localization__learned_localizer_snr15_seed83001,ee1f8553ab8a870efb303a312e37bb07b21c0eb86cfc503dd1c5a993b80d588b,b2801438011a0b3dbc83b064e32d8c5b7cbc1743f0ce0775d7a525e83cbdcdc0
