method_id,method_label,role,snr_db,paired_seed,accuracy,balanced_accuracy,macro_f1,frame_count,recipe_id,run_id,recipe_sha256,semantic_recipe_sha256
blind_cumulant,Blind differential cumulant,baseline,-2,71001,0.333333333333,0.333333333333,0.166666666667,1536,blind_cumulant_snrm2_seed71001,20260727T150345Z_modulation_recognition_blind_carrier__blind_cumulant_snrm2_seed71001,817a2522291dca1f864d10ba4770f46895ebc33e4ff323ba24becca362efefcd,f6f4f3a04745f2be0f1353f761bbd04431937d886d1e59b9b2ddf30a2114daa8
learned_classifier,Learned blind-carrier classifier,candidate,-2,71001,0.411458333333,0.411458333333,0.367664871238,1536,learned_classifier_snrm2_seed71001,20260727T150347Z_modulation_recognition_blind_carrier__learned_classifier_snrm2_seed71001,2090732c95dc58776ea6e8462de551ec553361a43dcde7ad530abe5455f4c182,68e36b153a688913452b42c8b3dbe896c326b325c86904c03551752bcbcde610
oracle_likelihood,Oracle-synchronized likelihood,reference,-2,71001,0.729166666667,0.729166666667,0.729590720983,1536,oracle_likelihood_snrm2_seed71001,20260727T150349Z_modulation_recognition_blind_carrier__oracle_likelihood_snrm2_seed71001,b042196a601c4caea4723e800c5e1b225ae198beb897ccf1f2cb51cac978b229,8dcfc8ea1301af72f9d1cb7bf8952858106c6546c4245f49966bc05ef295df53
blind_cumulant,Blind differential cumulant,baseline,-2,72001,0.333333333333,0.333333333333,0.166666666667,1536,blind_cumulant_snrm2_seed72001,20260727T150350Z_modulation_recognition_blind_carrier__blind_cumulant_snrm2_seed72001,c8fae7df582e96b497309508c9c94581a436f8abc3767a89712c7d08efba100d,24abdb42ef21dde5790c4238adde78f5594bca4a2e2f0aa677b4a66e82aed374
learned_classifier,Learned blind-carrier classifier,candidate,-2,72001,0.424479166667,0.424479166667,0.378372708399,1536,learned_classifier_snrm2_seed72001,20260727T150352Z_modulation_recognition_blind_carrier__learned_classifier_snrm2_seed72001,2d7a4e2476ac4df88f49d621ee275ed5183f634db1da900b190855c5849224a9,002ceb6e13930ff1636972cfd5eac738d7d36b9e7e4aa33aa58f6b945d753100
oracle_likelihood,Oracle-synchronized likelihood,reference,-2,72001,0.723307291667,0.723307291667,0.722875283212,1536,oracle_likelihood_snrm2_seed72001,20260727T150354Z_modulation_recognition_blind_carrier__oracle_likelihood_snrm2_seed72001,49297442ebcd851f3ba9124ff899a5ca395b0635a832314c45a18852d19a3e0f,f5e3b201d59da3d3f427c409d19097f36bf15ef7e6f39c0783cbf64f8503586d
blind_cumulant,Blind differential cumulant,baseline,-2,73001,0.333333333333,0.333333333333,0.166666666667,1536,blind_cumulant_snrm2_seed73001,20260727T150355Z_modulation_recognition_blind_carrier__blind_cumulant_snrm2_seed73001,42a0d21a07a33ec4a069dafea17832a7c800baeb3ebbd94e02a1f904d860b4c1,6b0ac27df803b2a3f0391eba09e29a588ce6c98f2545b991856b029beecfe84b
learned_classifier,Learned blind-carrier classifier,candidate,-2,73001,0.427083333333,0.427083333333,0.386776634818,1536,learned_classifier_snrm2_seed73001,20260727T150357Z_modulation_recognition_blind_carrier__learned_classifier_snrm2_seed73001,687df77dfbc0fe45668d5f4dea5be11c297f7e0b43702bd784fc67db7b8270a1,2a2c82b0a98e64c280164735890f9f7d7a0986e84b1fc64297c20e9a0cad4e1a
oracle_likelihood,Oracle-synchronized likelihood,reference,-2,73001,0.722005208333,0.722005208333,0.721669507851,1536,oracle_likelihood_snrm2_seed73001,20260727T150359Z_modulation_recognition_blind_carrier__oracle_likelihood_snrm2_seed73001,1aa34e00c50c516d98e1691403250b7aa04a2d33aeb22312bb11e8ac0ce974e6,96c2a4de8f2ea8985add6af11bc986fce040a9c0849d180b644124dafb615135
blind_cumulant,Blind differential cumulant,baseline,2,71001,0.333333333333,0.333333333333,0.166666666667,1536,blind_cumulant_snr2_seed71001,20260727T150400Z_modulation_recognition_blind_carrier__blind_cumulant_snr2_seed71001,bbc7603a322283817af5c4212b992110a8415d547a056e2c7ebbb5ca5109677b,0953bb17f6e865684d6345a6efc2fd62e24784b0b34330358f99b85499d26df0
learned_classifier,Learned blind-carrier classifier,candidate,2,71001,0.684244791667,0.684244791667,0.681801378292,1536,learned_classifier_snr2_seed71001,20260727T150402Z_modulation_recognition_blind_carrier__learned_classifier_snr2_seed71001,62fa9c4c40d4380d625c7201aea4ae1bb5b405af6fdb2684eceb6b5b84c3ac26,8ab7c741529ab009506f16fc5df50d759937c532041c731d19da0a65b058a8ad
oracle_likelihood,Oracle-synchronized likelihood,reference,2,71001,0.881510416667,0.881510416667,0.881481481481,1536,oracle_likelihood_snr2_seed71001,20260727T150404Z_modulation_recognition_blind_carrier__oracle_likelihood_snr2_seed71001,c14b4476c2aff1d7335ab91b669aee61eb38984f558e456ae8f67e3afd6c3c73,3e6242e5bfd9f7d630db0b8705c9f8a436b03e3a329cac278167a1c1ee2e0618
blind_cumulant,Blind differential cumulant,baseline,2,72001,0.333333333333,0.333333333333,0.166666666667,1536,blind_cumulant_snr2_seed72001,20260727T150406Z_modulation_recognition_blind_carrier__blind_cumulant_snr2_seed72001,efeb5c7e9bb77ff0ed17fb00db92e0e2ed8e640c38f76935e40a5fd197388ce1,2c7d05fb842522bef6bd75e3b7e60ee5c3a5861dca4dfc1cbf554e2bf84b9358
learned_classifier,Learned blind-carrier classifier,candidate,2,72001,0.673177083333,0.673177083333,0.666999041014,1536,learned_classifier_snr2_seed72001,20260727T150408Z_modulation_recognition_blind_carrier__learned_classifier_snr2_seed72001,32aca711e772b49551e12e8103beed1ca4f21d07bd2eee446162f1338f5a21da,aa71a439d2fc02f8051648e212238a2aa6041141be11461cc95e7bd03aa8cf55
oracle_likelihood,Oracle-synchronized likelihood,reference,2,72001,0.895182291667,0.895182291667,0.895181392001,1536,oracle_likelihood_snr2_seed72001,20260727T150410Z_modulation_recognition_blind_carrier__oracle_likelihood_snr2_seed72001,1da627ceed7e1d30fd792efd8ee4eff1449ff60318f7b39d5fe7680379881a3c,170e64792eff22175840ac37b844317c2e6402f34b061f511c3d3c70fe03c85e
blind_cumulant,Blind differential cumulant,baseline,2,73001,0.333333333333,0.333333333333,0.166666666667,1536,blind_cumulant_snr2_seed73001,20260727T150412Z_modulation_recognition_blind_carrier__blind_cumulant_snr2_seed73001,603f66389b08a078460d252422dac4903ddc180b9a954943a4446c5e98d74062,425978fca835e2ee83655b4baf97d8ea2c1a614377e822fd88a53b4e05a886a4
learned_classifier,Learned blind-carrier classifier,candidate,2,73001,0.679036458333,0.679036458333,0.67742228262,1536,learned_classifier_snr2_seed73001,20260727T150414Z_modulation_recognition_blind_carrier__learned_classifier_snr2_seed73001,40cf0050bc751c379c6496ad5797dfef01f7995dd10e31858620ccedf8c4859c,0edb1dc34eaeb34c727e2bd6a58202bb0bfddb3eb814011a7536d3cabe08bf76
oracle_likelihood,Oracle-synchronized likelihood,reference,2,73001,0.89453125,0.89453125,0.894516764082,1536,oracle_likelihood_snr2_seed73001,20260727T150416Z_modulation_recognition_blind_carrier__oracle_likelihood_snr2_seed73001,986aa87925398d3825d62b983323f0d11d77bf6225e944bb9bf56c4a8828cbe7,87629b8a861170ffcd5225b0ccb7273f5fe8c6b00e25756595246eeab2f1c200
blind_cumulant,Blind differential cumulant,baseline,6,71001,0.333333333333,0.333333333333,0.166666666667,1536,blind_cumulant_snr6_seed71001,20260727T150418Z_modulation_recognition_blind_carrier__blind_cumulant_snr6_seed71001,2d7ff15abc3fc888a8a71ad4401f3551c5762c7f924bc499b6911f78bfdf8927,483b4cb292a5470f519ed96429a58977132bd5866eeaf22ff9bd1d04569dc1a3
learned_classifier,Learned blind-carrier classifier,candidate,6,71001,0.820963541667,0.820963541667,0.820601573431,1536,learned_classifier_snr6_seed71001,20260727T150420Z_modulation_recognition_blind_carrier__learned_classifier_snr6_seed71001,0d381d94010f02a75e2a3f7694032ff99ba4329672b79dbe42000db235cd5c13,aa2835c77333024db75b6d3ef8afceb03e79f14b121223f50761c544ba13375f
oracle_likelihood,Oracle-synchronized likelihood,reference,6,71001,0.998697916667,0.998697916667,0.9986979117,1536,oracle_likelihood_snr6_seed71001,20260727T150423Z_modulation_recognition_blind_carrier__oracle_likelihood_snr6_seed71001,8ebdefd978b0ff58ae5ff2a3ce0f50f47fc80d628496c4dbd4bd53ffae48b4cb,18b135c279846a7d913698be99eb35de3b9c9aa6705d2b483f9586b7ddf2132a
blind_cumulant,Blind differential cumulant,baseline,6,72001,0.333333333333,0.333333333333,0.166666666667,1536,blind_cumulant_snr6_seed72001,20260727T150425Z_modulation_recognition_blind_carrier__blind_cumulant_snr6_seed72001,cea08693544fc84cbe6c37d247ef99d7c0381585601c4cd84dc71684b3de62e1,163e9107dd677a40dc6d9ff636f694b73e877f03b17c94bf73e7932217ecd78a
learned_classifier,Learned blind-carrier classifier,candidate,6,72001,0.820963541667,0.820963541667,0.820707401213,1536,learned_classifier_snr6_seed72001,20260727T150427Z_modulation_recognition_blind_carrier__learned_classifier_snr6_seed72001,c9d227445101ec4d50b9d3679a772cc420db44d125412ef02bdc3f4307eec90c,bb2c66ad949690f365cdba58d4fed24ca94cfed76c7df3c7f62e1a1c705df3d6
oracle_likelihood,Oracle-synchronized likelihood,reference,6,72001,1,1,1,1536,oracle_likelihood_snr6_seed72001,20260727T150430Z_modulation_recognition_blind_carrier__oracle_likelihood_snr6_seed72001,d1eb2f0ccb142bf38d5e68165ae265254a5de3421c19cac6314eddfdd48a7388,3bfa951c086f37377371e89866bf0c6d8995ea6434e84171057cb82f53bc8a07
blind_cumulant,Blind differential cumulant,baseline,6,73001,0.333333333333,0.333333333333,0.166666666667,1536,blind_cumulant_snr6_seed73001,20260727T150432Z_modulation_recognition_blind_carrier__blind_cumulant_snr6_seed73001,f43faa323e8c0b09fd3db42839a02deef5f537f56aa6fe27e2efb1907e863377,1650b1dc8fad281a7c5cc13b109613a57becf16128dc5bc9150ff8f1bde1e60e
learned_classifier,Learned blind-carrier classifier,candidate,6,73001,0.824869791667,0.824869791667,0.824605134696,1536,learned_classifier_snr6_seed73001,20260727T150434Z_modulation_recognition_blind_carrier__learned_classifier_snr6_seed73001,1e972486703f4b7c2c2547cec7fc0402cf54fc73321106f9493422249ef9a035,9e336fd5443b4cc8eb57ef5bd160c479f0c543807b7ebac6d78fc13defc6d6e6
oracle_likelihood,Oracle-synchronized likelihood,reference,6,73001,1,1,1,1536,oracle_likelihood_snr6_seed73001,20260727T150437Z_modulation_recognition_blind_carrier__oracle_likelihood_snr6_seed73001,ba6fdd351d98033526b295d6d19654747ac4283213af957976267e11ced0a0a6,20dfc0cc5efa09f56fea0de295e9d5b94f91d6c2af0ff76872ddb966f76788d8
blind_cumulant,Blind differential cumulant,baseline,10,71001,0.669921875,0.669921875,0.564620632516,1536,blind_cumulant_snr10_seed71001,20260727T150439Z_modulation_recognition_blind_carrier__blind_cumulant_snr10_seed71001,e7f67dfcd5bdbce789ed583156db7d0af955ce2e7a4872087921284b8ad045b6,ef1a7b109724495d4af564c65e6e8532bd8f0444e96a17894a73dc956a9f227d
learned_classifier,Learned blind-carrier classifier,candidate,10,71001,0.975260416667,0.975260416667,0.975226300664,1536,learned_classifier_snr10_seed71001,20260727T150441Z_modulation_recognition_blind_carrier__learned_classifier_snr10_seed71001,dfa61a2e9d5aa850690bdbbc040f518b49b0acd902dfd390934e89da3a1035eb,b24392607c02290767be6660ffd671e282aab40d6783963b52c7135bae907349
oracle_likelihood,Oracle-synchronized likelihood,reference,10,71001,1,1,1,1536,oracle_likelihood_snr10_seed71001,20260727T150444Z_modulation_recognition_blind_carrier__oracle_likelihood_snr10_seed71001,f3037dc997855b8d1ea916e0532729773e803fbfc7f427c24dcf6c2e240051c7,9ea9d43356a0d21c0e363e3b9adcb33312055996915ea261e723232dfbf0c735
blind_cumulant,Blind differential cumulant,baseline,10,72001,0.66796875,0.66796875,0.558439318381,1536,blind_cumulant_snr10_seed72001,20260727T150446Z_modulation_recognition_blind_carrier__blind_cumulant_snr10_seed72001,aefba45bba52ca41b7ef744f7bee7bbed65a167f8e65fbb7aaba438425c27f04,c0e2526f9332773c55cee5490496e917789a20aa51759df2242ac5c072e5d17c
learned_classifier,Learned blind-carrier classifier,candidate,10,72001,0.973958333333,0.973958333333,0.973918536178,1536,learned_classifier_snr10_seed72001,20260727T150449Z_modulation_recognition_blind_carrier__learned_classifier_snr10_seed72001,5588be7b704b42f15b00a9706f2e153525b6c087fec592e0c101d6184fa84221,37e89b9de5641af6df999c246036b2ed0723290eb5db84e5a1dcba48440d1fdd
oracle_likelihood,Oracle-synchronized likelihood,reference,10,72001,1,1,1,1536,oracle_likelihood_snr10_seed72001,20260727T150452Z_modulation_recognition_blind_carrier__oracle_likelihood_snr10_seed72001,ba187cc1b9549e1c4dad37aef0db513131ccb9af531e0f2062723cfe233ffd75,4d75f7893114adab49dc734b746505f0859051d1a13cac2fe322bd5d5428e39d
blind_cumulant,Blind differential cumulant,baseline,10,73001,0.66796875,0.66796875,0.561313305985,1536,blind_cumulant_snr10_seed73001,20260727T150454Z_modulation_recognition_blind_carrier__blind_cumulant_snr10_seed73001,88fa4519c5f2ff278318dc14c3741a9e28bebba05afa30bc49a7b4003b196f31,a0cd2d34fb9064ec39c3d25901f5714a204e323bd9bd6df61600f149173bae3b
learned_classifier,Learned blind-carrier classifier,candidate,10,73001,0.979817708333,0.979817708333,0.979799194679,1536,learned_classifier_snr10_seed73001,20260727T150457Z_modulation_recognition_blind_carrier__learned_classifier_snr10_seed73001,54bf6d47012971d5ea08c4d72cb2a461322b9beec494da8b0747e86656ec46b1,43d0558fae4588d757600185bdd396b42fc9e82030352932d05f62d36c783945
oracle_likelihood,Oracle-synchronized likelihood,reference,10,73001,1,1,1,1536,oracle_likelihood_snr10_seed73001,20260727T150500Z_modulation_recognition_blind_carrier__oracle_likelihood_snr10_seed73001,b5d717552cc59055b5e9b5d95f530119e89ebddfb6d6d1795cac0c0742c9b6d2,4d6debe0d71a0da31e22554b5da7536b237275e11cc7c357557e601ec07dedf5
blind_cumulant,Blind differential cumulant,baseline,14,71001,1,1,1,1536,blind_cumulant_snr14_seed71001,20260727T150502Z_modulation_recognition_blind_carrier__blind_cumulant_snr14_seed71001,d0f461bdfa49979a03857fd84d0d71a3752a700cc3322526941146f390594d65,5c4f1b27055dc945d06cbd25968c78b05a0fea17ab8ca0ea4d4c5a9bbb90a9e9
learned_classifier,Learned blind-carrier classifier,candidate,14,71001,0.995442708333,0.995442708333,0.995442495361,1536,learned_classifier_snr14_seed71001,20260727T150505Z_modulation_recognition_blind_carrier__learned_classifier_snr14_seed71001,fed9e2cf6f4ff8e96888060ae961aca858f5a8aba49b286c2ecbc06a181995ab,437a19f010235260bb32c245b7265f3a0c32147800e3c203f96a099bf4dec6fe
oracle_likelihood,Oracle-synchronized likelihood,reference,14,71001,1,1,1,1536,oracle_likelihood_snr14_seed71001,20260727T150508Z_modulation_recognition_blind_carrier__oracle_likelihood_snr14_seed71001,1d5930b16c21c91f70445328de59dd032bd20a105c40b1a5bf769099e0faa944,f9b76233c8047a01b6dc9417ccfbd0428e5e57d547b8918e61e940989fc3e47a
blind_cumulant,Blind differential cumulant,baseline,14,72001,1,1,1,1536,blind_cumulant_snr14_seed72001,20260727T150510Z_modulation_recognition_blind_carrier__blind_cumulant_snr14_seed72001,2baaedb3f20ac8a6c1d344a9582b3645e407d80f17f09388bc9d40fe6d4b10d7,2ef972c809a5647574124e36c552dd01b312f2d8dca1e09da4239561f7a7ffe5
learned_classifier,Learned blind-carrier classifier,candidate,14,72001,0.992838541667,0.992838541667,0.992837715178,1536,learned_classifier_snr14_seed72001,20260727T150513Z_modulation_recognition_blind_carrier__learned_classifier_snr14_seed72001,0718828f59ccca3c1af073616374c55630e56af6be5a11a645c05267c0fb7871,0bc9bf90eed2b37e4fe1b35a61a8770bad3af7e1f25ca41d1b5950b4a6fca0b8
oracle_likelihood,Oracle-synchronized likelihood,reference,14,72001,1,1,1,1536,oracle_likelihood_snr14_seed72001,20260727T150516Z_modulation_recognition_blind_carrier__oracle_likelihood_snr14_seed72001,77cbf54ccaf2a5f9b10f71b3f2eca683ebb1e92435a5b57a0c8ddcf6dac5739b,5bc7558b3d0afd18391ae9278986d086478590490742f2732a4d0e6a6e39938f
blind_cumulant,Blind differential cumulant,baseline,14,73001,1,1,1,1536,blind_cumulant_snr14_seed73001,20260727T150519Z_modulation_recognition_blind_carrier__blind_cumulant_snr14_seed73001,8cd190f0c0f52c195bb1d732fba4b023f709db2cee0d5b1a5eec4ba97fc9062a,bf7efb870b59571f7d3d358ba5682f4d5b274bacaaec7933a8b3d815111154e4
learned_classifier,Learned blind-carrier classifier,candidate,14,73001,0.99609375,0.99609375,0.996093615885,1536,learned_classifier_snr14_seed73001,20260727T150522Z_modulation_recognition_blind_carrier__learned_classifier_snr14_seed73001,b32f52e2b70f316ff8dbc9c7ce259f97f7514978c07f8255a3c59022b9fac113,92ff07ad25fed9e0e7296f602b7f211582c9c030245fcb56927d9ff2ca0ac2ed
oracle_likelihood,Oracle-synchronized likelihood,reference,14,73001,1,1,1,1536,oracle_likelihood_snr14_seed73001,20260727T150525Z_modulation_recognition_blind_carrier__oracle_likelihood_snr14_seed73001,c7aafb5de28586a67da5706e90cdaff6661ae1e01ce3b338521c9560e2d30072,fa49f142714bb0e124f8589cd2966e7b5bff54cee2c3a4e03ceb6de77d0ec056
blind_cumulant,Blind differential cumulant,baseline,18,71001,1,1,1,1536,blind_cumulant_snr18_seed71001,20260727T150528Z_modulation_recognition_blind_carrier__blind_cumulant_snr18_seed71001,e6ac78674b472812908793bd8c24e59f0081262919c028525d6c7cbd6abc52bc,9010e889e64b029a028c7c53c94ef08e2bf806058486ca3d8a2ee02b3b2b9557
learned_classifier,Learned blind-carrier classifier,candidate,18,71001,0.998697916667,0.998697916667,0.9986979117,1536,learned_classifier_snr18_seed71001,20260727T150531Z_modulation_recognition_blind_carrier__learned_classifier_snr18_seed71001,fa58838998301bfcecbaf4b9109da8089a2e9eb8fe9aac3d8370835adc7ea0b2,bac9da9864bdb484dc821aa3e7a30966fbbdd4c66914d0cdcd5fc4dca990e06b
oracle_likelihood,Oracle-synchronized likelihood,reference,18,71001,1,1,1,1536,oracle_likelihood_snr18_seed71001,20260727T150534Z_modulation_recognition_blind_carrier__oracle_likelihood_snr18_seed71001,18465e07a91839fa76770a11a78af08373dd0f565f28c05ddced9fe40e54657e,418e059cee0502f6cc2bde74cdfe9b7e2b41dbc307baf8d55516b3b11fb8e16d
blind_cumulant,Blind differential cumulant,baseline,18,72001,1,1,1,1536,blind_cumulant_snr18_seed72001,20260727T150537Z_modulation_recognition_blind_carrier__blind_cumulant_snr18_seed72001,d8e042bba751ad37e2ff326c3b5ae1d7530b5f9ab52328fd0afdae381d6d3230,ef33382cad99201d8ed90c6a8d0a97499b8d888e12b821b36a1cd000c12e9ec0
learned_classifier,Learned blind-carrier classifier,candidate,18,72001,0.99609375,0.99609375,0.996093615885,1536,learned_classifier_snr18_seed72001,20260727T150540Z_modulation_recognition_blind_carrier__learned_classifier_snr18_seed72001,7f9b6a0d2f1a4fe5e433b2cb4ef54fea557117d0a0c9dd8711762b262dc3f658,09ab11a0240505a235a4506b9ea368cf3c89bc0da4fa1562a2cc2298e6bc6708
oracle_likelihood,Oracle-synchronized likelihood,reference,18,72001,1,1,1,1536,oracle_likelihood_snr18_seed72001,20260727T150543Z_modulation_recognition_blind_carrier__oracle_likelihood_snr18_seed72001,2b9022dfd67d32ba80d2fd1cdf1c1a9581f7adb33ef760df0f744ffc468e0141,865afa7f63a86f05e38fdb3e80178d63c20e58dfd81dd19214564b2f0f871b1f
blind_cumulant,Blind differential cumulant,baseline,18,73001,1,1,1,1536,blind_cumulant_snr18_seed73001,20260727T150546Z_modulation_recognition_blind_carrier__blind_cumulant_snr18_seed73001,6f9a2c99707ee60029c1fd9a615a6676217118db736f82f3d2f220348ef1cd0f,9cec983e9f8bba5bb6b63d01f63e3514d7bb07cd9d954c9026122cb0ab063e20
learned_classifier,Learned blind-carrier classifier,candidate,18,73001,0.99609375,0.99609375,0.996093615885,1536,learned_classifier_snr18_seed73001,20260727T150549Z_modulation_recognition_blind_carrier__learned_classifier_snr18_seed73001,d421e8497569b5b46f3db918f30a9d6a2c0233e3fb2bddadee2fbcac6e593c03,8f6897e0c06cf9d89fa5cf11378e36601bd19d96bceaa168e120a27547dd2171
oracle_likelihood,Oracle-synchronized likelihood,reference,18,73001,1,1,1,1536,oracle_likelihood_snr18_seed73001,20260727T150553Z_modulation_recognition_blind_carrier__oracle_likelihood_snr18_seed73001,b7fd254a43d7e128a7f079a1636b37a318c2f58c46ac33607245455de7b4c7cf,d8ae66ae223dff1b80bbb440c212a87c516d4da6272cdb07a68d64a2795323cc
