method_id,method_label,role,snr_db,paired_seed,isac.scalarized_utility,isac.communication_rate_bps_hz,isac.sensing_snr_db,task.score,recipe_id,run_id,recipe_sha256,semantic_recipe_sha256
equal_power,Equal power,baseline,0,81001,0.373672202711,1.80189359644,-1.93611320083,0.270826813794,equal_power_snr0_seed81001,20260823T045328Z_isac_ofdm_joint_allocation__equal_power_snr0_seed81001,25e18e28cca12fe3014c1acb5c929baf497aa4ee85c65dbd1e3a0818097e8d48,158fdc5cdb7fc661287141a171850eb0c4bcb7588698ad4a897dd3596e21ba45
equal_power,Equal power,baseline,0,82001,0.366469477919,1.71485041387,-1.99717780666,0.266573491456,equal_power_snr0_seed82001,20260823T045330Z_isac_ofdm_joint_allocation__equal_power_snr0_seed82001,4d92f29283d5c0f66c2d99cdbc82a0560f12a633784c727485a26cc406f113bb,1ab908a9265638c51796ae7060d3cd4b237b16d0a6f98219470c8ee5e37fe592
equal_power,Equal power,baseline,0,83001,0.372746481468,1.64490334125,-1.80884681966,0.270447852658,equal_power_snr0_seed83001,20260823T045331Z_isac_ofdm_joint_allocation__equal_power_snr0_seed83001,ebb90aae9a5acd0f4b40c0bf57cb1378eae19257ae88839093cd55391748bcad,9d74c51fb8464aa52f265a30002c9f5392e32e4f3a8b3670ff7a77941f43ec4a
communications_water_filling,Communication-only water filling,baseline,0,81001,0.406706639132,2.80163418639,-2.20279490784,0.285972047036,communications_water_filling_snr0_seed81001,20260823T045329Z_isac_ofdm_joint_allocation__communications_water_filling_snr0_seed81001,878c358645652f06226747968bbcafe22b511b84545ecb8059dbce83de827936,3eb59aa8f3d741e1de6d187ab6d957f77679ed638bd52e27027f2f9062250c95
communications_water_filling,Communication-only water filling,baseline,0,82001,0.418833532503,2.72205311815,-1.87190761484,0.2909435554,communications_water_filling_snr0_seed82001,20260823T045330Z_isac_ofdm_joint_allocation__communications_water_filling_snr0_seed82001,470e3b388f31ef453f87b08307dd0224e0f76ed10c18a22109d3ab498ba804a5,7d32134560f05efef6c9946b1e8f097853f8a617f947596c4e1e884c1189a6e6
communications_water_filling,Communication-only water filling,baseline,0,83001,0.435005272993,2.64661720142,-1.51007948881,0.300289110359,communications_water_filling_snr0_seed83001,20260823T045332Z_isac_ofdm_joint_allocation__communications_water_filling_snr0_seed83001,d68c16363738d85db1ac593fb186fe02c8222fdf90a40d21ab5e522d2905cd2b,abe670c0436d101c25bd31f5dc45f78b03aecd15fcab50879c6f0b18ab026f87
scalarized_reference,Per-scene scalarized optimization,oracle,0,81001,0.508683771342,2.05594536669,0.148784159576,0.335707645241,scalarized_reference_snr0_seed81001,20260823T045329Z_isac_ofdm_joint_allocation__scalarized_reference_snr0_seed81001,8985aa20796fc104046191f3fbbf46b9ae5c09106ee6d2bab639b16b69ce2670,d0a4f70ae8c191e6b816829e35ec428f45dc44aaf48a1bebe49f0bdd9be6129a
scalarized_reference,Per-scene scalarized optimization,oracle,0,82001,0.507305950667,2.11308587874,0.0704865818304,0.334705335851,scalarized_reference_snr0_seed82001,20260823T045331Z_isac_ofdm_joint_allocation__scalarized_reference_snr0_seed82001,9756b3bb6f0cd93761db9609aade2cda93f34003fcf099cc474da061e508ee87,ec35727585b53ad07e73f692a6ce3c22e54c95a6083193d0c88a520196fb66cc
scalarized_reference,Per-scene scalarized optimization,oracle,0,83001,0.519581637165,2.03781875336,0.306942289877,0.340656678632,scalarized_reference_snr0_seed83001,20260823T045332Z_isac_ofdm_joint_allocation__scalarized_reference_snr0_seed83001,726f53551e88fbbf3f95d56632d4c84b0c72c401ebd332d850fedbe4d567ab9b,d9524000c849dcefe1f8d0ae268120be86dcd143bfc497df883178645f26170a
learned_isac_allocator,Learned joint allocator,candidate,0,81001,0.509098809567,1.91294925417,0.260067524648,0.33594159546,learned_isac_allocator_snr0_seed81001,20260823T045329Z_isac_ofdm_joint_allocation__learned_isac_allocator_snr0_seed81001,f24620940447f29ea90405b0d319fd462e2ef20755d7cd1bf4fb97ef288fc4be,44ec1d057706ec027c5717110b8b2b76f6b0e7696466ba74171678a17b2188bc
learned_isac_allocator,Learned joint allocator,candidate,0,82001,0.50734567249,1.98419933685,0.170366969562,0.334930736555,learned_isac_allocator_snr0_seed82001,20260823T045331Z_isac_ofdm_joint_allocation__learned_isac_allocator_snr0_seed82001,309e6a38dc553570caf9515259a1afd9068caf6d4560710aacd53d2309cb1dfa,1fae520ef9e81ee522a53598404f054a5f5e8e4f20fb87e7b43cf332bc34876d
learned_isac_allocator,Learned joint allocator,candidate,0,83001,0.519435796484,1.9502580476,0.366517469866,0.340638660546,learned_isac_allocator_snr0_seed83001,20260823T045332Z_isac_ofdm_joint_allocation__learned_isac_allocator_snr0_seed83001,064b542902c6069c88e5f785e1d13563391a16a5de240861827457b8df06c613,7eb3efbdc329ca98f3fd8e710721d2398e4e4e10306351367f8d4cc5a930953a
equal_power,Equal power,baseline,15,81001,2.88453098663,22.6562272359,13.063887033,0.741144197994,equal_power_snr15_seed81001,20260823T045333Z_isac_ofdm_joint_allocation__equal_power_snr15_seed81001,d7ea975c3436f3d3b86893bd89d080ddaf08998d2741357072b127459ea9909d,fdc74ab9b5c7a970e26cb586469fdae0ba1bb095caa67805207e8e54d7c3ea73
equal_power,Equal power,baseline,15,82001,2.84199760139,21.9225581959,13.0028224272,0.738029375509,equal_power_snr15_seed82001,20260823T045334Z_isac_ofdm_joint_allocation__equal_power_snr15_seed82001,c1a636697c0825b3452767fd30de4e399c93414d91e0b9b77fd6fedc999ab477,43aa7326b9baae43d6a4c1216fc59355a22a4f49f07230823240096fa547d3c5
equal_power,Equal power,baseline,15,83001,2.85186567996,21.6519678396,13.1911534142,0.739202128325,equal_power_snr15_seed83001,20260823T045336Z_isac_ofdm_joint_allocation__equal_power_snr15_seed83001,8f7590b6ae33bef4f49d6107ef6d7528b7138c2c4c34c61e119a5b16d8ffb621,15cdad26643d2bc881558a794180a9884274cb9f0180766fe091cdb3e311a379
communications_water_filling,Communication-only water filling,baseline,15,81001,2.92049900853,23.5954080258,12.9979827644,0.743505530588,communications_water_filling_snr15_seed81001,20260823T045333Z_isac_ofdm_joint_allocation__communications_water_filling_snr15_seed81001,b9693784d828c59c6436232da5379deee6f19051d45b77e933a91745fe4804f5,27dffaa521d844fe086e17b21297c156ee047361dcd011e11f236e10be7a1aca
communications_water_filling,Communication-only water filling,baseline,15,82001,2.88876026642,22.9504425445,12.9773179585,0.741267546021,communications_water_filling_snr15_seed82001,20260823T045334Z_isac_ofdm_joint_allocation__communications_water_filling_snr15_seed82001,f4822dd104707bc6be88448cf68ed5e16829437595408ef0da6f4fd82317acfb,09ffd8362ac988cf63bc92bc6b6b872bb382d011f70cf92b422d202ba60f59eb
communications_water_filling,Communication-only water filling,baseline,15,83001,2.90118296851,22.5491597092,13.2340832137,0.742640718135,communications_water_filling_snr15_seed83001,20260823T045336Z_isac_ofdm_joint_allocation__communications_water_filling_snr15_seed83001,3d8f7457f1674514002e5b65b29fa2aba1b6bb95f0968e8c907e9739b6208f7e,d171d4d9ec63b7a58b4d1da97a267170dec3d0b965aa27559a9ffc647c381187
scalarized_reference,Per-scene scalarized optimization,oracle,15,81001,3.00725515699,22.3745069149,14.1545338789,0.749322799301,scalarized_reference_snr15_seed81001,20260823T045333Z_isac_ofdm_joint_allocation__scalarized_reference_snr15_seed81001,d5437028cbbc53e56405b37c80e60682373244ec6cac14013ef06dfdd9b325e6,604f7f218325adda3451eef575a6796428b1607e1294acc907ff5f93b4198ce8
scalarized_reference,Per-scene scalarized optimization,oracle,15,82001,2.97499869196,21.7522067642,14.1151343971,0.747091563935,scalarized_reference_snr15_seed82001,20260823T045335Z_isac_ofdm_joint_allocation__scalarized_reference_snr15_seed82001,e8516dfaa5cb3400fa543aa3327ee9e1f8cd5227a98315b6d15b1d756cb13ba1,7e0e49dbcf0d1b78f7d88a94761a6382c663705490288479e48759496edea6b5
scalarized_reference,Per-scene scalarized optimization,oracle,15,83001,2.98766811434,21.3385266058,14.3852638249,0.748351004448,scalarized_reference_snr15_seed83001,20260823T045336Z_isac_ofdm_joint_allocation__scalarized_reference_snr15_seed83001,f4e17ca6d6835fbf22bcf8d4840e92633148a127f2ceec2fa4822bb8b1e28651,d50f59edd5187a71ff848dec4e3a5ceae0c5a8dc0762953e94b0d091a42cb8d7
learned_isac_allocator,Learned joint allocator,candidate,15,81001,3.00031279326,22.4921229644,14.0698595185,0.748870287526,learned_isac_allocator_snr15_seed81001,20260823T045334Z_isac_ofdm_joint_allocation__learned_isac_allocator_snr15_seed81001,fd6083cd8ffb55afc25e34e1dba6d1c6d138135b393e8324bffae5e808793511,c35e4efa6f9cd19e3d105516e5fdc52bdcdf30afb1a0efa0aca88e961325774f
learned_isac_allocator,Learned joint allocator,candidate,15,82001,2.96772963011,21.8119582465,14.0434743841,0.74660610355,learned_isac_allocator_snr15_seed82001,20260823T045335Z_isac_ofdm_joint_allocation__learned_isac_allocator_snr15_seed82001,9b1d7a04e23818cddc670a81a8089eaa9064a5a156b66e78427dd943f2f6a7c4,15821f1d416fa6c4d8ba0ad281e15fdbda530ae0e01dce4f64ba618e220c0177
learned_isac_allocator,Learned joint allocator,candidate,15,83001,2.98137176418,21.394199794,14.3258914994,0.747941444828,learned_isac_allocator_snr15_seed83001,20260823T045337Z_isac_ofdm_joint_allocation__learned_isac_allocator_snr15_seed83001,3498a43e97f6d05162642ae0a5cc6b6d517b999c3fc2162d79b0635877b33e69,bf8694482f3d78dc9ce4b64889b13a6dc48d33686f434bbc278f0c28de16caf0
