method_id,method_label,role,snr_db,paired_seed,beamforming.spectral_efficiency_bps_hz,task.score,recipe_id,run_id,recipe_sha256,semantic_recipe_sha256
mrt,Perfect-CSIT MRT upper bound,oracle,0,81001,2.82033205032,0.999999940395,mrt_snr0_seed81001,20260823T134317Z_single_user_miso_beamforming__mrt_snr0_seed81001,fd49dacde419af53310edc03db46037e04d03323aa28e525b05b7a7db4a9e2c5,08780f00e771f1a271ca0e6625db56b2626c852fed16db010b7a0e9bf473d598
mrt,Perfect-CSIT MRT upper bound,oracle,0,82001,3.05786800385,0.999999940395,mrt_snr0_seed82001,20260823T134318Z_single_user_miso_beamforming__mrt_snr0_seed82001,fec4922297fbc2c94ef02b581ca8f898dc170fd0bf0e19213c815655a291272e,6738e48be25e0b8626ca0dc63f66349ba5b90946f8cb00c837f8906478a2378a
mrt,Perfect-CSIT MRT upper bound,oracle,0,83001,2.88904500008,1,mrt_snr0_seed83001,20260823T134319Z_single_user_miso_beamforming__mrt_snr0_seed83001,c16bf52c2ed83a9c0360d59b012a13591027564d0109df4399223f58c6479781,0a680f58bd45cbf05d6b77b58fffe7fc7dc38ba97edbc64792ab7fee93faa392
dft_codebook_sweep,Fixed eight-beam DFT sweep,baseline,0,81001,2.50643467903,0.772030413151,dft_codebook_sweep_snr0_seed81001,20260823T134317Z_single_user_miso_beamforming__dft_codebook_sweep_snr0_seed81001,b9336d6f004243f3a06e0d63c1cb021c39482c18e8bc23a179a1df33e0026834,75c4599ddb45305bf16059b8f88e40a98cd094865db291df7b96345fb3975be8
dft_codebook_sweep,Fixed eight-beam DFT sweep,baseline,0,82001,2.69015979767,0.737877488136,dft_codebook_sweep_snr0_seed82001,20260823T134318Z_single_user_miso_beamforming__dft_codebook_sweep_snr0_seed82001,15d3c1f84a47883e73dbe8b057516acaaa5ec395e66a5d3db0aaa1ffafa715d3,7ef95f4981ec989090c0b130f8354c1573446734856eded8717a30fd6b7b76ad
dft_codebook_sweep,Fixed eight-beam DFT sweep,baseline,0,83001,2.59262347221,0.783831119537,dft_codebook_sweep_snr0_seed83001,20260823T134319Z_single_user_miso_beamforming__dft_codebook_sweep_snr0_seed83001,5f410cad3b1a82d002d561dd600f00fbc438c3a462c17e8ef827e43a8ee4652c,efbf5cc29289a6f1531fc8115273fd0d143e112449cf312661f64f826f17cd42
learned_beam_policy,Learned eight-beam codebook,candidate,0,81001,2.6584277153,0.862696290016,learned_beam_policy_snr0_seed81001,20260823T134317Z_single_user_miso_beamforming__learned_beam_policy_snr0_seed81001,352cf7310b84b6690eeeec14804e4cc4968fa09b8f927961f65591bc0c7bcaed,ae0c7aacf5b28c794d8dec40e92070c9f80ab08e4ab2ae8eab1783970199d383
learned_beam_policy,Learned eight-beam codebook,candidate,0,82001,2.87465286255,0.836687326431,learned_beam_policy_snr0_seed82001,20260823T134318Z_single_user_miso_beamforming__learned_beam_policy_snr0_seed82001,f66ef79149d5e106c4d815700544dca480c29322c5c4c091ae28b02838407546,6c8bdc39d34ae3070861764bc3d6e2ce88dc62d2a4ba6cda5a461a85a594f6cd
learned_beam_policy,Learned eight-beam codebook,candidate,0,83001,2.74992918968,0.889054834843,learned_beam_policy_snr0_seed83001,20260823T134319Z_single_user_miso_beamforming__learned_beam_policy_snr0_seed83001,ac31578874d1091619267c02d270a61b03302e76f7c7cea45066753c833707fa,45f1ca3d478c0c7c0430c5f8f493c408674581a237006007251a5fd65640f9a1
mrt,Perfect-CSIT MRT upper bound,oracle,15,81001,7.46690177917,0.999999940395,mrt_snr15_seed81001,20260823T134320Z_single_user_miso_beamforming__mrt_snr15_seed81001,52909a06617b89fe5ca543fbaa85858732f3d15d2026f06454556a465bbd17c4,28cba7c76fee7d90f003b9925566a1ef9ff8b1c118e105387c670f95b9c68f88
mrt,Perfect-CSIT MRT upper bound,oracle,15,82001,7.75362586975,0.999999940395,mrt_snr15_seed82001,20260823T134321Z_single_user_miso_beamforming__mrt_snr15_seed82001,d622b244f22772755fbe4e069741cf0a8931cc6db3abf64455e979cd1e8bea63,169000dcc6d9b15cd2c6e02e25a288dba4b4727a4ecc7ad3133acfa5e8270f04
mrt,Perfect-CSIT MRT upper bound,oracle,15,83001,7.58152389526,1,mrt_snr15_seed83001,20260823T134321Z_single_user_miso_beamforming__mrt_snr15_seed83001,e80b22fa0d19ef6dcfbec2257513ab0d68bd99ab2bda45f7c42370259a81f3ce,6a271a82bba661490052d9f6b23a236137c6d76b553260f562e0a6663452477b
dft_codebook_sweep,Fixed eight-beam DFT sweep,baseline,15,81001,7.05855083466,0.772030413151,dft_codebook_sweep_snr15_seed81001,20260823T134320Z_single_user_miso_beamforming__dft_codebook_sweep_snr15_seed81001,77aba161259f69c81b374320c2286efdd0765f58825ae5359d3b15e0624469d7,f72f6ddb23e74f6e500fec935dd7716be6b216245784b4460af0cd68cae24144
dft_codebook_sweep,Fixed eight-beam DFT sweep,baseline,15,82001,7.27532815933,0.737877488136,dft_codebook_sweep_snr15_seed82001,20260823T134321Z_single_user_miso_beamforming__dft_codebook_sweep_snr15_seed82001,18e3d8160a52b970fb06a22aa1a5562afc33aa4882e1f4616ce49b213e5ab4c2,b35adaffce241d791c57a04c66c09b29717927353733bd5bf6edfca4d9d9a852
dft_codebook_sweep,Fixed eight-beam DFT sweep,baseline,15,83001,7.20385074615,0.783831119537,dft_codebook_sweep_snr15_seed83001,20260823T134322Z_single_user_miso_beamforming__dft_codebook_sweep_snr15_seed83001,92bcf8d0657d9b3c8833c8b88f0726f7611a0112308e5194325c1a297c9f8970,ca6f8c1c8c8ec11eae7939054223433300a95955098da9d6c72c64987a4ec32a
learned_beam_policy,Learned eight-beam codebook,candidate,15,81001,7.23510408401,0.862696290016,learned_beam_policy_snr15_seed81001,20260823T134320Z_single_user_miso_beamforming__learned_beam_policy_snr15_seed81001,40f98e54bbe27a31373880985509cc1c823a6c2e55d72effc36671742b436ce4,3c7c59c59441e3d2e3cf9d5d1c880b57d842c36d504b7569b80a6ff583414799
learned_beam_policy,Learned eight-beam codebook,candidate,15,82001,7.45062351227,0.836687326431,learned_beam_policy_snr15_seed82001,20260823T134321Z_single_user_miso_beamforming__learned_beam_policy_snr15_seed82001,0b3a532712311d22abbd135db8040d9a1637fcb0ba650d445a2b01220472e35e,24242f97eaeef98cfb93f8e724bdfa4574c387d4a67950eda35d8add4c811939
learned_beam_policy,Learned eight-beam codebook,candidate,15,83001,7.40856266022,0.889054834843,learned_beam_policy_snr15_seed83001,20260823T134322Z_single_user_miso_beamforming__learned_beam_policy_snr15_seed83001,50cfe0f96713e2cdb45e5a5150068de9dfddf4fa859dc98c1f624d9d04b0f60e,8ee15a9b5704b051fbd774101c7e549c2e3722fa8785ec1d9d5ee651b8251e0f
