method_id,method_label,role,snr_db,paired_seed,near_field.normalized_focusing_gain,near_field.range_rmse_m,near_field.angle_rmse_deg,task.score,recipe_id,run_id,recipe_sha256,semantic_recipe_sha256
far_field_steering,Far-field steering search,baseline,0,81001,0.884765625,1.25964838468,0.401956055068,0.684736717888,far_field_steering_snr0_seed81001,20260823T133443Z_near_field_xl_mimo_range_angle_focusing__far_field_steering_snr0_seed81001,36f204712b72ac589c5413d6d076b362eb44f713f5ed070ee8d7deff9a25e377,6b36405969268bbed2143b314aded516fa066e5eae74dcf313079fb4214faa3e
far_field_steering,Far-field steering search,baseline,0,82001,0.877615571022,1.23143713841,0.680503571792,0.66772452343,far_field_steering_snr0_seed82001,20260823T133445Z_near_field_xl_mimo_range_angle_focusing__far_field_steering_snr0_seed82001,e879d549b93a74f1ff64a49d760bebff83e0d37344e3a2f3859c93050a4c0651,8fbe2bce5e540a5a638044b99abed6b696094f2510288d29ceef41da77eb9699
far_field_steering,Far-field steering search,baseline,0,83001,0.90103662014,1.23227552158,0.360297046828,0.702570988613,far_field_steering_snr0_seed83001,20260823T133446Z_near_field_xl_mimo_range_angle_focusing__far_field_steering_snr0_seed83001,82827299825f8e46dae8edb06f12ee529861a0a208406184d8830695141d5078,56c7a438af7079be43385f3b5f519e4ee53b0201ea2f932112735cea07f881d8
polar_codebook,Polar range-angle codebook,baseline,0,81001,0.874496102333,1.3163481265,0.815593023458,0.650265683877,polar_codebook_snr0_seed81001,20260823T133444Z_near_field_xl_mimo_range_angle_focusing__polar_codebook_snr0_seed81001,4e1e7a16bebbfb0661c354f3ae22f2072da50901284a6ea5a2d5db30c7596cfe,f7ee9ee73eeafddc8496c2e0464ea3c9bfcba5645cd6084d56f5c58ed88ba85b
polar_codebook,Polar range-angle codebook,baseline,0,82001,0.889113068581,1.20766228542,0.766179470414,0.674515643889,polar_codebook_snr0_seed82001,20260823T133445Z_near_field_xl_mimo_range_angle_focusing__polar_codebook_snr0_seed82001,866ebde035037655351d008e84b6bae33fc0c69a12c4be1ce1d60b2961c980f3,2a8f8fa65df512f3057134539121cfa6d532cf05a21067e2246868b08604929c
polar_codebook,Polar range-angle codebook,baseline,0,83001,0.888967871666,1.4617318812,0.783425356484,0.648555528505,polar_codebook_snr0_seed83001,20260823T133446Z_near_field_xl_mimo_range_angle_focusing__polar_codebook_snr0_seed83001,2a535a5de3714af9c772f59220f2d5b18100abf6684e34e32878f93d09246e2b,1c4550cc3f175bc8d32965fb8704ea51ac1be71d355247abaef064885be2f920
oracle_focus,True-position focusing,oracle,0,81001,1,0,0,1,oracle_focus_snr0_seed81001,20260823T133444Z_near_field_xl_mimo_range_angle_focusing__oracle_focus_snr0_seed81001,2add0ee17b64b655b1dbe6ada538289c79f0617e9f9e5b5aa47b33b2e6908621,416099724c70b5e86cfba4c8d5a03400992f57bd11d6b1dbf3b7caecd0b827e7
oracle_focus,True-position focusing,oracle,0,82001,1,0,0,1,oracle_focus_snr0_seed82001,20260823T133445Z_near_field_xl_mimo_range_angle_focusing__oracle_focus_snr0_seed82001,3f95c56495e83a64e45ae23ebcb78eec4e0fbd3cc70d8ea3992b0c2d3fc6d22f,bae1e3d3838247608cfc19b58a90498c9bdf48cb840696719f2cd9650c8988c3
oracle_focus,True-position focusing,oracle,0,83001,1,0,0,1,oracle_focus_snr0_seed83001,20260823T133446Z_near_field_xl_mimo_range_angle_focusing__oracle_focus_snr0_seed83001,01079faedad9fffff33e624e36a3031bcbc2410cf7551260c0b75dc8b4077563,8c62205818fb12c718bbf7be26fc2b1f8bd29ed87cbcdb6e75e1920b5fccf05a
learned_near_field_estimator,Physics-informed learned estimator,candidate,0,81001,0.954177498817,1.2848676689,0.456332580666,0.732513836708,learned_near_field_estimator_snr0_seed81001,20260823T133444Z_near_field_xl_mimo_range_angle_focusing__learned_near_field_estimator_snr0_seed81001,6c8693f430a1dfbcc7819f7479b0235731461678560cf7b9aec94199c9279cf9,908c2e24b995e87b5a2ab53bcd6632f9e1fb235b9a4d0cfccccd7326d0726cb7
learned_near_field_estimator,Physics-informed learned estimator,candidate,0,82001,0.958253860474,1.10815674232,0.436986636378,0.757315365406,learned_near_field_estimator_snr0_seed82001,20260823T133445Z_near_field_xl_mimo_range_angle_focusing__learned_near_field_estimator_snr0_seed82001,abe0e52e271501689bea8d5090fc90973b3a8da6939ec4ec17dc299c678cec88,703bad6b505c2fccb72e71046fd3a5d6b64b6433fc79f07459351380026a5536
learned_near_field_estimator,Physics-informed learned estimator,candidate,0,83001,0.961780428886,1.23790747428,0.391525414326,0.747458605868,learned_near_field_estimator_snr0_seed83001,20260823T133447Z_near_field_xl_mimo_range_angle_focusing__learned_near_field_estimator_snr0_seed83001,15296fc256f63320c08d5e207dcc0b7f264deac26857d45d39ca512c9f71f511,4b86eff34080f1aefec55acb7e4da0592b548f2aeddb7f4942319b5bde6ed973
far_field_steering,Far-field steering search,baseline,15,81001,0.902203202248,1.25964838468,0.175995276242,0.710659667385,far_field_steering_snr15_seed81001,20260823T133447Z_near_field_xl_mimo_range_angle_focusing__far_field_steering_snr15_seed81001,4bb7718b99d9df58a0f1b7ec493a001f0c48227393e645870b68f54ce45cd512,688235b3b523b006d3a3d39ec2f9667275f04d3233c0c109662aa8a77a6c88c9
far_field_steering,Far-field steering search,baseline,15,82001,0.895984888077,1.23143713841,0.169631278291,0.709269340249,far_field_steering_snr15_seed82001,20260823T133448Z_near_field_xl_mimo_range_angle_focusing__far_field_steering_snr15_seed82001,4efc71d523ef05eaab51686abe4cbcbe20f20d06bcb6787d3b0888e17c420599,860b415531e8937466d081c60be791944720f7e160a75f68c1a4fa2dacb4fd0f
far_field_steering,Far-field steering search,baseline,15,83001,0.910172224045,1.23227552158,0.210596245448,0.718076250571,far_field_steering_snr15_seed83001,20260823T133450Z_near_field_xl_mimo_range_angle_focusing__far_field_steering_snr15_seed83001,b1c341d5cbb005b258c2f90d3d4ee0741beac3bfad1358b8d4c531971c912e31,f4a89b81934f9d4a07f9a3523a4dfd7bcdf32637493224254d658efe3eb8358b
polar_codebook,Polar range-angle codebook,baseline,15,81001,0.897821962833,0.541445575079,0.753086010667,0.758553307964,polar_codebook_snr15_seed81001,20260823T133447Z_near_field_xl_mimo_range_angle_focusing__polar_codebook_snr15_seed81001,25645345c377e10b73bdfb31a8e31778b648d5ccef35f15410e3133bb68fdbe5,60ef2ebdaa753dddae9c2dbe3fb1e8383d0486017f3fb594a5637bc34e203b76
polar_codebook,Polar range-angle codebook,baseline,15,82001,0.912145018578,0.542823316935,0.689442191536,0.774639607482,polar_codebook_snr15_seed82001,20260823T133449Z_near_field_xl_mimo_range_angle_focusing__polar_codebook_snr15_seed82001,84a604b882fc981687be0b6d86516dc485cb635e8ef02f45e2daccc4e09bdb90,dc9c9de770dd9fbb9439114bfcd9d71470f33a27877eb26da816dcd5d2666aa5
polar_codebook,Polar range-angle codebook,baseline,15,83001,0.903886079788,0.541766614732,0.75072608492,0.763787623522,polar_codebook_snr15_seed83001,20260823T133450Z_near_field_xl_mimo_range_angle_focusing__polar_codebook_snr15_seed83001,7099391f3aeaa001576f562762beb85ec224bb862728f894e22d73dca307119a,19a88305a41b64a4c2b1d37cbe2dcd74f36fc93eaf8db28d42ae0563c81c32ca
oracle_focus,True-position focusing,oracle,15,81001,1,0,0,1,oracle_focus_snr15_seed81001,20260823T133448Z_near_field_xl_mimo_range_angle_focusing__oracle_focus_snr15_seed81001,25d49607d743fbc344e7bfed520ffade080d5be38cdc5a318e3690afb0d2f7b3,0aa3db135dd7c74f6b47766816eb23be7ed66f10f31036a78a6105fc44714491
oracle_focus,True-position focusing,oracle,15,82001,1,0,0,1,oracle_focus_snr15_seed82001,20260823T133449Z_near_field_xl_mimo_range_angle_focusing__oracle_focus_snr15_seed82001,766de24884e01578bb43ad036fc0a4e0b0fdc91c3c46c5c8b68660e36f833b76,29c92f801e0f29f50e5b46089a25243d00583d89fa35c7cbeb75f0d37a91c8b9
oracle_focus,True-position focusing,oracle,15,83001,1,0,0,1,oracle_focus_snr15_seed83001,20260823T133450Z_near_field_xl_mimo_range_angle_focusing__oracle_focus_snr15_seed83001,a5d988d29e4b65e69e6468ee6e0d18fde7426a251610fad65da7918f14fc636e,b643ea4af8c578bcbd9a09f021d293d7f4880a7a6450605d5e5bd5c64d998d95
learned_near_field_estimator,Physics-informed learned estimator,candidate,15,81001,0.978481173515,0.466273252985,0.290887591933,0.871819770117,learned_near_field_estimator_snr15_seed81001,20260823T133448Z_near_field_xl_mimo_range_angle_focusing__learned_near_field_estimator_snr15_seed81001,db648c2b016416eb21418a6fa2fa3d9512c90dfe776a1327f970d2f4cd2c6583,e05a8dfb24dae99fdb60cce8124aa2ad2c8b5a58fec59ccf3d42c8175cdba54e
learned_near_field_estimator,Physics-informed learned estimator,candidate,15,82001,0.976987838745,0.480062493384,0.309241122075,0.866941254112,learned_near_field_estimator_snr15_seed82001,20260823T133449Z_near_field_xl_mimo_range_angle_focusing__learned_near_field_estimator_snr15_seed82001,760b7dddef4b6f8794829ae98474b4ba5239ff948aefa4afeab196a1f45b39f3,06977c07427d2a8cc857da980032f72527510f99ec1a74086ed19a7e2d277bdb
learned_near_field_estimator,Physics-informed learned estimator,candidate,15,83001,0.981746792793,0.40592938466,0.261332205311,0.886597905737,learned_near_field_estimator_snr15_seed83001,20260823T133451Z_near_field_xl_mimo_range_angle_focusing__learned_near_field_estimator_snr15_seed83001,82711bf5d7462488d33114203e564aaccbcf2f078b99e7dd44e0c7e8cd69cfcc,64bbd0ca4718bd82e132f884cc00f3ef622297545de8ffda20a4a84bb0b50bda
