method_id,label,series,series_id,role,run_id,paired_seed,aggregation_cell_id,statistical_unit,x_metric,x_value,y_metric,y_value,sample_count,aggregation_status,sampling_unit_ids,ci_scope,y_stddev,y_ci95,y_ci95_method,paired_reference_series,paired_difference_mean,paired_difference_stddev,paired_difference_ci95,paired_difference_ci95_method,paired_sample_count,paired_ids,paired_contrast_status,plot_y_value,zero_floor
blind_cumulant_snrm2_seed71001;blind_cumulant_snrm2_seed72001;blind_cumulant_snrm2_seed73001,Blind differential cumulant,Blind differential cumulant,blind_cumulant,baseline,20260727T150345Z_modulation_recognition_blind_carrier__blind_cumulant_snrm2_seed71001;20260727T150350Z_modulation_recognition_blind_carrier__blind_cumulant_snrm2_seed72001;20260727T150355Z_modulation_recognition_blind_carrier__blind_cumulant_snrm2_seed73001,71001;72001;73001,snr_db=m2,paired held-out symbol/carrier/noise seed,channel.snr_db,-2,modulation_recognition.accuracy,0.333333,3,declared_unique_statistical_units,71001;72001;73001,between-statistical-unit,0,0,student_t_95_two_sided_tabulated_conservative_approximation,,,,,not_available,0,,ambiguous_reference,0.333333,
blind_cumulant_snr2_seed71001;blind_cumulant_snr2_seed72001;blind_cumulant_snr2_seed73001,Blind differential cumulant,Blind differential cumulant,blind_cumulant,baseline,20260727T150400Z_modulation_recognition_blind_carrier__blind_cumulant_snr2_seed71001;20260727T150406Z_modulation_recognition_blind_carrier__blind_cumulant_snr2_seed72001;20260727T150412Z_modulation_recognition_blind_carrier__blind_cumulant_snr2_seed73001,71001;72001;73001,snr_db=2,paired held-out symbol/carrier/noise seed,channel.snr_db,2,modulation_recognition.accuracy,0.333333,3,declared_unique_statistical_units,71001;72001;73001,between-statistical-unit,0,0,student_t_95_two_sided_tabulated_conservative_approximation,,,,,not_available,0,,ambiguous_reference,0.333333,
blind_cumulant_snr6_seed71001;blind_cumulant_snr6_seed72001;blind_cumulant_snr6_seed73001,Blind differential cumulant,Blind differential cumulant,blind_cumulant,baseline,20260727T150418Z_modulation_recognition_blind_carrier__blind_cumulant_snr6_seed71001;20260727T150425Z_modulation_recognition_blind_carrier__blind_cumulant_snr6_seed72001;20260727T150432Z_modulation_recognition_blind_carrier__blind_cumulant_snr6_seed73001,71001;72001;73001,snr_db=6,paired held-out symbol/carrier/noise seed,channel.snr_db,6,modulation_recognition.accuracy,0.333333,3,declared_unique_statistical_units,71001;72001;73001,between-statistical-unit,0,0,student_t_95_two_sided_tabulated_conservative_approximation,,,,,not_available,0,,ambiguous_reference,0.333333,
blind_cumulant_snr10_seed71001;blind_cumulant_snr10_seed72001;blind_cumulant_snr10_seed73001,Blind differential cumulant,Blind differential cumulant,blind_cumulant,baseline,20260727T150439Z_modulation_recognition_blind_carrier__blind_cumulant_snr10_seed71001;20260727T150446Z_modulation_recognition_blind_carrier__blind_cumulant_snr10_seed72001;20260727T150454Z_modulation_recognition_blind_carrier__blind_cumulant_snr10_seed73001,71001;72001;73001,snr_db=10,paired held-out symbol/carrier/noise seed,channel.snr_db,10,modulation_recognition.accuracy,0.66862,3,declared_unique_statistical_units,71001;72001;73001,between-statistical-unit,0.001128,0.002801,student_t_95_two_sided_tabulated_conservative_approximation,,,,,not_available,0,,ambiguous_reference,0.66862,
blind_cumulant_snr14_seed71001;blind_cumulant_snr14_seed72001;blind_cumulant_snr14_seed73001,Blind differential cumulant,Blind differential cumulant,blind_cumulant,baseline,20260727T150502Z_modulation_recognition_blind_carrier__blind_cumulant_snr14_seed71001;20260727T150510Z_modulation_recognition_blind_carrier__blind_cumulant_snr14_seed72001;20260727T150519Z_modulation_recognition_blind_carrier__blind_cumulant_snr14_seed73001,71001;72001;73001,snr_db=14,paired held-out symbol/carrier/noise seed,channel.snr_db,14,modulation_recognition.accuracy,1,3,declared_unique_statistical_units,71001;72001;73001,between-statistical-unit,0,0,student_t_95_two_sided_tabulated_conservative_approximation,,,,,not_available,0,,ambiguous_reference,1,
blind_cumulant_snr18_seed71001;blind_cumulant_snr18_seed72001;blind_cumulant_snr18_seed73001,Blind differential cumulant,Blind differential cumulant,blind_cumulant,baseline,20260727T150528Z_modulation_recognition_blind_carrier__blind_cumulant_snr18_seed71001;20260727T150537Z_modulation_recognition_blind_carrier__blind_cumulant_snr18_seed72001;20260727T150546Z_modulation_recognition_blind_carrier__blind_cumulant_snr18_seed73001,71001;72001;73001,snr_db=18,paired held-out symbol/carrier/noise seed,channel.snr_db,18,modulation_recognition.accuracy,1,3,declared_unique_statistical_units,71001;72001;73001,between-statistical-unit,0,0,student_t_95_two_sided_tabulated_conservative_approximation,,,,,not_available,0,,ambiguous_reference,1,
learned_classifier_snrm2_seed71001;learned_classifier_snrm2_seed72001;learned_classifier_snrm2_seed73001,Learned blind-carrier classifier,Learned blind-carrier classifier,learned_classifier,candidate,20260727T150347Z_modulation_recognition_blind_carrier__learned_classifier_snrm2_seed71001;20260727T150352Z_modulation_recognition_blind_carrier__learned_classifier_snrm2_seed72001;20260727T150357Z_modulation_recognition_blind_carrier__learned_classifier_snrm2_seed73001,71001;72001;73001,snr_db=m2,paired held-out symbol/carrier/noise seed,channel.snr_db,-2,modulation_recognition.accuracy,0.421007,3,declared_unique_statistical_units,71001;72001;73001,between-statistical-unit,0.008371,0.020797,student_t_95_two_sided_tabulated_conservative_approximation,,,,,not_available,0,,ambiguous_reference,0.421007,
learned_classifier_snr2_seed71001;learned_classifier_snr2_seed72001;learned_classifier_snr2_seed73001,Learned blind-carrier classifier,Learned blind-carrier classifier,learned_classifier,candidate,20260727T150402Z_modulation_recognition_blind_carrier__learned_classifier_snr2_seed71001;20260727T150408Z_modulation_recognition_blind_carrier__learned_classifier_snr2_seed72001;20260727T150414Z_modulation_recognition_blind_carrier__learned_classifier_snr2_seed73001,71001;72001;73001,snr_db=2,paired held-out symbol/carrier/noise seed,channel.snr_db,2,modulation_recognition.accuracy,0.678819,3,declared_unique_statistical_units,71001;72001;73001,between-statistical-unit,0.005537,0.013756,student_t_95_two_sided_tabulated_conservative_approximation,,,,,not_available,0,,ambiguous_reference,0.678819,
learned_classifier_snr6_seed71001;learned_classifier_snr6_seed72001;learned_classifier_snr6_seed73001,Learned blind-carrier classifier,Learned blind-carrier classifier,learned_classifier,candidate,20260727T150420Z_modulation_recognition_blind_carrier__learned_classifier_snr6_seed71001;20260727T150427Z_modulation_recognition_blind_carrier__learned_classifier_snr6_seed72001;20260727T150434Z_modulation_recognition_blind_carrier__learned_classifier_snr6_seed73001,71001;72001;73001,snr_db=6,paired held-out symbol/carrier/noise seed,channel.snr_db,6,modulation_recognition.accuracy,0.822266,3,declared_unique_statistical_units,71001;72001;73001,between-statistical-unit,0.002255,0.005603,student_t_95_two_sided_tabulated_conservative_approximation,,,,,not_available,0,,ambiguous_reference,0.822266,
learned_classifier_snr10_seed71001;learned_classifier_snr10_seed72001;learned_classifier_snr10_seed73001,Learned blind-carrier classifier,Learned blind-carrier classifier,learned_classifier,candidate,20260727T150441Z_modulation_recognition_blind_carrier__learned_classifier_snr10_seed71001;20260727T150449Z_modulation_recognition_blind_carrier__learned_classifier_snr10_seed72001;20260727T150457Z_modulation_recognition_blind_carrier__learned_classifier_snr10_seed73001,71001;72001;73001,snr_db=10,paired held-out symbol/carrier/noise seed,channel.snr_db,10,modulation_recognition.accuracy,0.976345,3,declared_unique_statistical_units,71001;72001;73001,between-statistical-unit,0.003077,0.007644,student_t_95_two_sided_tabulated_conservative_approximation,,,,,not_available,0,,ambiguous_reference,0.976345,
learned_classifier_snr14_seed71001;learned_classifier_snr14_seed72001;learned_classifier_snr14_seed73001,Learned blind-carrier classifier,Learned blind-carrier classifier,learned_classifier,candidate,20260727T150505Z_modulation_recognition_blind_carrier__learned_classifier_snr14_seed71001;20260727T150513Z_modulation_recognition_blind_carrier__learned_classifier_snr14_seed72001;20260727T150522Z_modulation_recognition_blind_carrier__learned_classifier_snr14_seed73001,71001;72001;73001,snr_db=14,paired held-out symbol/carrier/noise seed,channel.snr_db,14,modulation_recognition.accuracy,0.994792,3,declared_unique_statistical_units,71001;72001;73001,between-statistical-unit,0.001722,0.004279,student_t_95_two_sided_tabulated_conservative_approximation,,,,,not_available,0,,ambiguous_reference,0.994792,
learned_classifier_snr18_seed71001;learned_classifier_snr18_seed72001;learned_classifier_snr18_seed73001,Learned blind-carrier classifier,Learned blind-carrier classifier,learned_classifier,candidate,20260727T150531Z_modulation_recognition_blind_carrier__learned_classifier_snr18_seed71001;20260727T150540Z_modulation_recognition_blind_carrier__learned_classifier_snr18_seed72001;20260727T150549Z_modulation_recognition_blind_carrier__learned_classifier_snr18_seed73001,71001;72001;73001,snr_db=18,paired held-out symbol/carrier/noise seed,channel.snr_db,18,modulation_recognition.accuracy,0.996962,3,declared_unique_statistical_units,71001;72001;73001,between-statistical-unit,0.001504,0.003735,student_t_95_two_sided_tabulated_conservative_approximation,,,,,not_available,0,,ambiguous_reference,0.996962,
oracle_likelihood_snrm2_seed71001;oracle_likelihood_snrm2_seed72001;oracle_likelihood_snrm2_seed73001,Oracle-synchronized likelihood,Oracle-synchronized likelihood,oracle_likelihood,reference,20260727T150349Z_modulation_recognition_blind_carrier__oracle_likelihood_snrm2_seed71001;20260727T150354Z_modulation_recognition_blind_carrier__oracle_likelihood_snrm2_seed72001;20260727T150359Z_modulation_recognition_blind_carrier__oracle_likelihood_snrm2_seed73001,71001;72001;73001,snr_db=m2,paired held-out symbol/carrier/noise seed,channel.snr_db,-2,modulation_recognition.accuracy,0.724826,3,declared_unique_statistical_units,71001;72001;73001,between-statistical-unit,0.003815,0.009477,student_t_95_two_sided_tabulated_conservative_approximation,,,,,not_available,0,,ambiguous_reference,0.724826,
oracle_likelihood_snr2_seed71001;oracle_likelihood_snr2_seed72001;oracle_likelihood_snr2_seed73001,Oracle-synchronized likelihood,Oracle-synchronized likelihood,oracle_likelihood,reference,20260727T150404Z_modulation_recognition_blind_carrier__oracle_likelihood_snr2_seed71001;20260727T150410Z_modulation_recognition_blind_carrier__oracle_likelihood_snr2_seed72001;20260727T150416Z_modulation_recognition_blind_carrier__oracle_likelihood_snr2_seed73001,71001;72001;73001,snr_db=2,paired held-out symbol/carrier/noise seed,channel.snr_db,2,modulation_recognition.accuracy,0.890408,3,declared_unique_statistical_units,71001;72001;73001,between-statistical-unit,0.007712,0.01916,student_t_95_two_sided_tabulated_conservative_approximation,,,,,not_available,0,,ambiguous_reference,0.890408,
oracle_likelihood_snr6_seed71001;oracle_likelihood_snr6_seed72001;oracle_likelihood_snr6_seed73001,Oracle-synchronized likelihood,Oracle-synchronized likelihood,oracle_likelihood,reference,20260727T150423Z_modulation_recognition_blind_carrier__oracle_likelihood_snr6_seed71001;20260727T150430Z_modulation_recognition_blind_carrier__oracle_likelihood_snr6_seed72001;20260727T150437Z_modulation_recognition_blind_carrier__oracle_likelihood_snr6_seed73001,71001;72001;73001,snr_db=6,paired held-out symbol/carrier/noise seed,channel.snr_db,6,modulation_recognition.accuracy,0.999566,3,declared_unique_statistical_units,71001;72001;73001,between-statistical-unit,0.000752,0.001868,student_t_95_two_sided_tabulated_conservative_approximation,,,,,not_available,0,,ambiguous_reference,0.999566,
oracle_likelihood_snr10_seed71001;oracle_likelihood_snr10_seed72001;oracle_likelihood_snr10_seed73001,Oracle-synchronized likelihood,Oracle-synchronized likelihood,oracle_likelihood,reference,20260727T150444Z_modulation_recognition_blind_carrier__oracle_likelihood_snr10_seed71001;20260727T150452Z_modulation_recognition_blind_carrier__oracle_likelihood_snr10_seed72001;20260727T150500Z_modulation_recognition_blind_carrier__oracle_likelihood_snr10_seed73001,71001;72001;73001,snr_db=10,paired held-out symbol/carrier/noise seed,channel.snr_db,10,modulation_recognition.accuracy,1,3,declared_unique_statistical_units,71001;72001;73001,between-statistical-unit,0,0,student_t_95_two_sided_tabulated_conservative_approximation,,,,,not_available,0,,ambiguous_reference,1,
oracle_likelihood_snr14_seed71001;oracle_likelihood_snr14_seed72001;oracle_likelihood_snr14_seed73001,Oracle-synchronized likelihood,Oracle-synchronized likelihood,oracle_likelihood,reference,20260727T150508Z_modulation_recognition_blind_carrier__oracle_likelihood_snr14_seed71001;20260727T150516Z_modulation_recognition_blind_carrier__oracle_likelihood_snr14_seed72001;20260727T150525Z_modulation_recognition_blind_carrier__oracle_likelihood_snr14_seed73001,71001;72001;73001,snr_db=14,paired held-out symbol/carrier/noise seed,channel.snr_db,14,modulation_recognition.accuracy,1,3,declared_unique_statistical_units,71001;72001;73001,between-statistical-unit,0,0,student_t_95_two_sided_tabulated_conservative_approximation,,,,,not_available,0,,ambiguous_reference,1,
oracle_likelihood_snr18_seed71001;oracle_likelihood_snr18_seed72001;oracle_likelihood_snr18_seed73001,Oracle-synchronized likelihood,Oracle-synchronized likelihood,oracle_likelihood,reference,20260727T150534Z_modulation_recognition_blind_carrier__oracle_likelihood_snr18_seed71001;20260727T150543Z_modulation_recognition_blind_carrier__oracle_likelihood_snr18_seed72001;20260727T150553Z_modulation_recognition_blind_carrier__oracle_likelihood_snr18_seed73001,71001;72001;73001,snr_db=18,paired held-out symbol/carrier/noise seed,channel.snr_db,18,modulation_recognition.accuracy,1,3,declared_unique_statistical_units,71001;72001;73001,between-statistical-unit,0,0,student_t_95_two_sided_tabulated_conservative_approximation,,,,,not_available,0,,ambiguous_reference,1,
